key,index,indexSymbol,last,variation,percentChange,open,high,low,previousClose,yearHigh,yearLow,pe,pb,dy,declines,advances,unchanged,perChange365d,perChange30d,previousDay,oneWeekAgoVal,oneMonthAgoVal,oneYearAgoVal
INDICES ELIGIBLE IN DERIVATIVES,NIFTY 50,NIFTY 50,22555.75,133.8,0.6,22532.4,22621.8,22397.1,22421.95,26373.2,22182.55,19.19,2.75,1.23,18,31,1,-9.39,-5.62,01-Oct-2026,22780.25,23897.7,24894.25
INDICES ELIGIBLE IN DERIVATIVES,NIFTY NEXT 50,NIFTY NEXT 50,69213.75,232.4,0.34,69218.95,69594.55,68733.05,68981.35,75000.4,59896.1,18.08,3.31,1.06,19,31,0,1.25,-5.03,01-Oct-2026,70309.5,72880.9,68355.9
INDICES ELIGIBLE IN DERIVATIVES,NIFTY BANK,NIFTY BANK,54714.1,263.35,0.48,54840.65,55192.65,54370.6,54450.75,61764.85,49954.85,12.91,1.64,0.73,3,11,0,-1.57,-4.63,01-Oct-2026,54471.65,57369.65,55589.25
INDICES ELIGIBLE IN DERIVATIVES,NIFTY FINANCIAL SERVICES,NIFTY FIN SERVICE,24656.4,100.3,0.41,24736.05,24881.4,24517.85,24556.1,28562.5,23373.95,15.05,2.27,1.01,7,13,0,-6.7,-5.35,01-Oct-2026,24671.65,26051.0,26426.75
INDICES ELIGIBLE IN DERIVATIVES,NIFTY MIDCAP SELECT,NIFTY MID SELECT,13649.3,86.55,0.64,13637.7,13713.5,13601.7,13562.75,15089.75,12046.2,28.74,4.06,0.5,10,15,0,6.69,-7.23,01-Oct-2026,13776.35,14713.65,12793.6
INDICES ELIGIBLE IN DERIVATIVES,NIFTY INDIA FPI 150,NIFTY FPI 150,1463.5,7.5,0.52,1462.5,1468.15,1454.25,1456.0,1641.4,1346.5,21.02,3.12,1.13,55,94,1,0.0,-5.81,01-Oct-2026,1481.7,1553.7,0.0
BROAD MARKET INDICES,NIFTY 100,NIFTY 100,23645.3,128.8,0.55,23625.75,23718.35,23479.7,23516.5,26975.15,22720.45,18.97,2.84,1.2,37,62,1,-7.52,-5.51,01-Oct-2026,23906.65,25023.15,25569.3
BROAD MARKET INDICES,NIFTY 200,NIFTY 200,13121.05,74.6,0.57,13106.95,13163.4,13034.5,13046.45,14700.95,12396.1,20.25,2.99,1.09,73,126,1,-5.63,-5.66,01-Oct-2026,13272.2,13908.5,13904.5
BROAD MARKET INDICES,NIFTY 500,NIFTY 500,21971.6,113.85,0.52,21956.6,22048.45,21826.55,21857.75,24144.2,20385.65,21.56,3.06,1.03,225,274,2,-4.59,-5.52,01-Oct-2026,22232.15,23254.15,23027.7
BROAD MARKET INDICES,NIFTY MIDCAP 50,NIFTY MIDCAP 50,16911.25,70.9,0.42,16915.25,16990.0,16838.5,16840.35,18500.95,14804.55,29.8,3.65,0.68,21,29,0,4.39,-6.71,01-Oct-2026,17208.9,18127.75,16199.85
BROAD MARKET INDICES,NIFTY MIDCAP 100,NIFTY MIDCAP 100,59123.65,391.65,0.67,59001.65,59353.05,58816.95,58732.0,64450.9,52032.85,27.7,3.73,0.65,36,64,0,2.82,-6.27,01-Oct-2026,59914.2,63079.05,57503.35
BROAD MARKET INDICES,NIFTY SMALLCAP 100,NIFTY SMLCAP 100,19149.1,90.45,0.47,19154.85,19237.8,18994.2,19058.65,20187.8,14986.0,37.37,3.69,0.55,52,48,0,7.11,-4.71,01-Oct-2026,19351.1,20095.45,17878.15
BROAD MARKET INDICES,INDIA VIX,INDIA VIX,14.67,0.21,1.47,14.46,15.35,13.5,14.46,28.91,8.72,0,0,0,,,,45.83,37.36,01-Oct-2026,13.64,10.68,10.06
BROAD MARKET INDICES,NIFTY MIDCAP 150,NIFTY MIDCAP 150,21755.3,111.45,0.51,21734.6,21843.35,21644.95,21643.85,23647.5,19218.0,28.1,3.79,0.72,61,89,0,1.66,-6.1,01-Oct-2026,22071.3,23168.35,21400.3
BROAD MARKET INDICES,NIFTY SMALLCAP 50,NIFTY SMLCAP 50,9560.95,26.25,0.28,9579.35,9614.9,9484.55,9534.7,10067.95,7338.35,34.73,3.79,0.6,24,26,0,12.25,-4.58,01-Oct-2026,9696.25,10019.5,8517.9
BROAD MARKET INDICES,NIFTY SMALLCAP 250,NIFTY SMLCAP 250,17655.35,66.3,0.38,17666.6,17752.55,17526.4,17589.05,18551.0,14143.45,34.05,3.38,0.62,127,123,1,3.76,-4.47,01-Oct-2026,17863.2,18481.4,17015.3
BROAD MARKET INDICES,NIFTY MIDSMALLCAP 400,NIFTY MIDSML 400,20289.05,94.1,0.47,20281.15,20381.4,20171.2,20194.95,21770.3,17390.85,29.96,3.64,0.69,188,212,1,2.31,-5.54,01-Oct-2026,20564.3,21478.2,19831.75
BROAD MARKET INDICES,NIFTY500 MULTICAP 50:25:25,NIFTY500 MULTICAP,15668.8,77.4,0.5,15661.15,15728.5,15565.9,15591.4,16847.15,14102.2,23.48,3.17,0.94,225,274,2,-2.36,-5.39,01-Oct-2026,15858.65,16561.6,16046.9
BROAD MARKET INDICES,NIFTY LARGEMIDCAP 250,NIFTY LARGEMID250,15687.65,82.95,0.53,15673.7,15742.3,15593.55,15604.7,17077.75,14445.65,22.64,3.25,0.96,98,151,1,-2.98,-5.81,01-Oct-2026,15888.7,16654.9,16169.85
BROAD MARKET INDICES,NIFTY TOTAL MARKET,NIFTY TOTAL MKT,12444.0,61.7,0.5,12438.7,12490.45,12363.3,12382.3,13548.0,11436.55,21.75,3.07,1.01,364,385,6,-3.97,-5.36,01-Oct-2026,12587.3,13148.1,12958.1
BROAD MARKET INDICES,NIFTY MICROCAP 250,NIFTY MICROCAP250,25912.85,1.05,0.0,26047.55,26166.7,25810.0,25911.8,26798.5,18858.5,26.93,3.13,0.46,139,111,4,10.21,-2.09,01-Oct-2026,26052.25,26466.2,23511.8
BROAD MARKET INDICES,NIFTY500 LARGEMIDSMALL EQUAL-CAP WEIGHTED,NIFTY500 LMS EQL,17589.05,83.95,0.48,17582.45,17660.9,17476.05,17505.1,18831.8,15495.1,25.5,3.29,0.85,225,274,2,-0.63,-5.35,01-Oct-2026,17808.2,18583.75,17700.95
BROAD MARKET INDICES,NIFTY SMALLCAP 500,NIFTY SMALLCAP 500,20295.95,55.65,0.27,20333.25,20424.95,20165.75,20240.3,21203.8,15960.2,31.78,3.34,0.61,267,233,5,0.0,-3.75,01-Oct-2026,20493.7,21086.6,0.0
BROAD MARKET INDICES,NIFTY MIDSMALLCAP400 50:50,NIFTY MIDSMALL 50 50,19887.8,88.2,0.45,19884.75,19982.6,19765.55,19799.6,21223.0,16874.3,30.81,3.57,0.67,188,212,1,0.0,-5.28,01-Oct-2026,20148.85,20996.35,0.0
SECTORAL INDICES,NIFTY AUTO,NIFTY AUTO,25421.9,36.95,0.15,25412.2,25483.7,25175.6,25384.95,29865.5,23560.1,29.5,3.97,1.15,10,5,0,-4.98,-8.26,01-Oct-2026,26525.05,27710.9,26753.1
SECTORAL INDICES,NIFTY FINANCIAL SERVICES 25/50,NIFTY FINSRV25 50,26556.55,121.8,0.46,26607.3,26713.55,26376.45,26434.75,0.0,0.0,14.62,2.31,1.13,7,13,0,-6.81,-5.88,01-Oct-2026,26655.95,28217.1,28497.0
SECTORAL INDICES,NIFTY FMCG,NIFTY FMCG,44579.65,789.8,1.8,44070.3,44580.6,43929.35,43789.85,57445.2,43442.3,30.37,7.27,1.08,5,10,0,-19.2,-2.86,01-Oct-2026,45264.35,45892.75,55170.6
SECTORAL INDICES,NIFTY IT,NIFTY IT,28301.65,-3.05,-0.01,28656.2,28755.2,28060.3,28304.7,40301.4,25699.1,17.8,4.96,2.83,2,8,0,-16.64,-7.8,01-Oct-2026,28086.5,30695.1,33949.75
SECTORAL INDICES,NIFTY MEDIA,NIFTY MEDIA,1560.5,14.2,0.92,1557.8,1576.25,1547.6,1546.3,1636.25,1245.05,40.8,1.68,0.48,4,6,0,-2.77,-0.32,01-Oct-2026,1539.25,1565.45,1604.9
SECTORAL INDICES,NIFTY METAL,NIFTY METAL,12498.0,37.3,0.3,12532.5,12650.1,12389.95,12460.7,13931.35,9968.4,16.34,2.65,1.47,4,11,0,21.61,-6.15,01-Oct-2026,12854.4,13317.45,10277.1
SECTORAL INDICES,NIFTY PHARMA,NIFTY PHARMA,26117.1,-194.45,-0.74,26263.95,26374.9,26001.65,26311.55,27255.05,21149.9,40.7,4.95,0.54,18,2,0,20.04,-1.36,01-Oct-2026,26761.65,26478.1,21756.35
SECTORAL INDICES,NIFTY PSU BANK,NIFTY PSU BANK,8014.85,77.05,0.97,8003.05,8117.45,7975.3,7937.8,9918.65,7570.45,7.15,1.1,0.81,0,12,0,5.69,-5.87,01-Oct-2026,8026.1,8514.85,7583.3
SECTORAL INDICES,NIFTY PRIVATE BANK,NIFTY PVT BANK,26718.15,20.9,0.08,26859.55,26963.85,26558.15,26697.25,29748.45,23957.45,16.49,1.91,0.68,4,6,0,-1.62,-3.98,01-Oct-2026,26476.4,27824.5,27159.0
SECTORAL INDICES,NIFTY REALTY,NIFTY REALTY,839.7,4.7,0.56,834.45,848.55,834.2,835.0,974.5,638.65,35.36,3.65,0.5,4,6,0,-4.15,-7.51,01-Oct-2026,850.9,907.9,876.1
SECTORAL INDICES,NIFTY HEALTHCARE INDEX,NIFTY HEALTHCARE,15934.65,-160.9,-1.0,16028.65,16104.0,15894.9,16095.55,16941.7,13536.5,41.91,5.32,0.48,18,2,0,11.53,-2.89,01-Oct-2026,16537.15,16408.05,14287.2
SECTORAL INDICES,NIFTY CONSUMER DURABLES,NIFTY CONSR DURBL,36477.35,549.55,1.53,36050.95,36672.85,36002.45,35927.8,40964.55,32587.95,57.73,9.26,0.42,3,11,0,-3.45,-7.61,01-Oct-2026,38162.9,39483.8,37781.7
SECTORAL INDICES,NIFTY OIL & GAS,NIFTY OIL AND GAS,10510.75,35.9,0.34,10505.15,10615.1,10441.5,10474.85,12445.7,10395.45,10.44,1.29,1.88,7,8,0,-7.59,-6.05,01-Oct-2026,10660.6,11187.65,11374.0
SECTORAL INDICES,NIFTY MIDSMALL HEALTHCARE,NIFTY MIDSML HLTH,50396.9,-566.85,-1.11,51049.9,51170.65,50220.4,50963.75,53415.1,40352.9,44.89,5.38,0.29,27,3,0,15.47,-2.96,01-Oct-2026,51714.75,51936.75,43643.8
SECTORAL INDICES,NIFTY FINANCIAL SERVICES EX-BANK,NIFTY FINSEREXBNK,29419.15,365.1,1.26,29231.9,29545.5,29224.0,29054.05,33301.05,26788.05,19.46,3.55,0.82,10,20,0,-1.09,-8.58,01-Oct-2026,29815.35,32179.7,29743.7
SECTORAL INDICES,NIFTY MIDSMALL FINANCIAL SERVICES,NIFTY MS FIN SERV,20958.85,221.4,1.07,20821.05,21003.6,20816.4,20737.45,23193.65,18013.2,19.64,2.5,0.68,9,21,0,14.53,-8.15,01-Oct-2026,21127.0,22818.45,18299.3
SECTORAL INDICES,NIFTY MIDSMALL IT & TELECOM,NIFTY MS IT TELCM,9687.3,140.9,1.48,9639.5,9751.8,9541.5,9546.4,10591.6,7748.35,29,5.36,0.7,8,12,0,2.8,-5.08,01-Oct-2026,9404.35,10205.9,9423.75
SECTORAL INDICES,NIFTY CHEMICALS,NIFTY CHEMICALS,27987.05,42.6,0.15,28048.75,28311.5,27743.6,27944.45,31895.45,24851.65,41.86,3.68,0.57,12,8,0,-4.24,-7.03,01-Oct-2026,28692.05,30101.8,29224.89
SECTORAL INDICES,NIFTY500 HEALTHCARE,NIFTY500 HEALTH,20828.9,-218.0,-1.04,20985.3,21068.9,20759.8,21046.9,22125.15,16294.6,45.07,5.58,0.42,40,4,0,0.0,-3.04,01-Oct-2026,21610.25,21481.25,0.0
SECTORAL INDICES,NIFTY REITS & REALTY,NIFTY REITS REALTY,1866.95,5.35,0.29,1866.2,1878.7,1864.3,1861.6,2012.9,1632.55,52.89,2.78,3.54,7,8,0,0.0,-4.04,01-Oct-2026,1892.15,1945.6,0.0
SECTORAL INDICES,NIFTY CEMENT,NIFTY CEMENT,13635.25,78.05,0.58,13575.6,13691.65,13539.95,13557.2,18188.6,13394.0,25.53,1.96,0.42,3,9,0,0.0,-6.94,01-Oct-2026,13885.75,14651.6,0.0
STRATEGY INDICES,NIFTY DIVIDEND OPPORTUNITIES 50,NIFTY DIV OPPS 50,5459.2,39.2,0.72,5465.25,5483.85,5421.15,5420.0,6584.65,5360.05,12.29,2.23,2.4,12,38,0,-8.46,-5.93,01-Oct-2026,5518.65,5803.05,5964.0
STRATEGY INDICES,NIFTY GROWTH SECTORS 15,NIFTY GROWSECT 15,10465.95,-21.6,-0.21,10517.1,10523.05,10413.5,10487.55,12852.45,10329.35,24.45,5.73,1.79,8,7,0,-10.39,-7.44,01-Oct-2026,10732.15,11307.2,11679.2
STRATEGY INDICES,NIFTY100 QUALITY 30,NIFTY100 QUALTY30,5286.75,24.9,0.47,5287.05,5295.25,5243.8,5261.85,0.0,0.0,25.32,6.18,1.79,12,18,0,-5.6,-5.85,01-Oct-2026,5379.3,5615.0,5600.4
STRATEGY INDICES,NIFTY50 VALUE 20,NIFTY50 VALUE 20,11164.8,59.55,0.54,11189.35,11217.95,11079.2,11105.25,13684.4,11001.15,13.94,1.85,1.69,6,14,0,-11.69,-5.52,01-Oct-2026,11189.5,11817.4,12643.1
STRATEGY INDICES,NIFTY50 TR 2X LEVERAGE,NIFTY50 TR 2X LEV,15807.15,178.1,1.14,15774.6,15899.2,15586.5,15629.05,31895.45,1056.45,0,0,0,,,,-21.73,-11.38,01-Oct-2026,16141.15,17836.0,20194.75
STRATEGY INDICES,NIFTY50 PR 2X LEVERAGE,NIFTY50 PR 2X LEV,10367.9,116.85,1.14,10346.5,10428.25,10223.15,10251.05,31895.45,1056.45,0,0,0,,,,-23.4,-11.37,01-Oct-2026,10586.95,11698.6,13535.95
STRATEGY INDICES,NIFTY50 TR 1X INVERSE,NIFTY50 TR 1X INV,192.05,-1.05,-0.54,192.25,193.45,191.5,193.1,31895.45,161.8,0,0,0,,,,12.94,6.25,01-Oct-2026,190.0,180.75,170.05
STRATEGY INDICES,NIFTY50 PR 1X INVERSE,NIFTY50 PR 1X INV,236.8,-1.25,-0.53,237.05,238.45,236.1,238.05,31895.45,197.8,0,0,0,,,,14.09,6.28,01-Oct-2026,234.25,222.8,207.55
STRATEGY INDICES,NIFTY50 DIVIDEND POINTS,NIFTY50 DIV POINT,196.79,0.0,0.0,196.79,196.79,196.79,196.79,0.0,0.0,0,0,0,,,,-6.69,0.0,01-Oct-2026,196.79,196.79,210.91
STRATEGY INDICES,NIFTY ALPHA 50,NIFTY ALPHA 50,54448.6,592.75,1.1,54141.05,54564.55,53968.35,53855.85,0.0,0.0,27.44,5.55,0.4,13,37,0,9.68,-3.47,01-Oct-2026,53779.0,56408.3,49642.1
STRATEGY INDICES,NIFTY50 EQUAL WEIGHT,NIFTY50 EQL WGT,30700.05,167.65,0.55,30632.5,30742.2,30513.15,30532.4,0.0,0.0,22.97,3.17,1.25,18,31,1,-3.83,-5.79,01-Oct-2026,31241.0,32587.2,31921.1
STRATEGY INDICES,NIFTY100 EQUAL WEIGHT,NIFTY100 EQL WGT,32626.5,135.75,0.42,32610.5,32740.05,32430.35,32490.75,0.0,0.0,19.11,3.07,1.18,37,62,1,-1.55,-5.71,01-Oct-2026,33174.2,34602.75,33141.25
STRATEGY INDICES,NIFTY100 LOW VOLATILITY 30,NIFTY100 LOWVOL30,18677.6,89.65,0.48,18615.5,18695.55,18573.35,18587.95,0.0,0.0,23.46,3.56,1.28,12,18,0,-6.92,-6.21,01-Oct-2026,19025.05,19913.55,20065.4
STRATEGY INDICES,NIFTY200 QUALITY 30,NIFTY200 QUALTY30,18905.4,101.5,0.54,18911.4,18967.85,18776.0,18803.9,0.0,0.0,25.47,7.87,1.87,9,21,0,-8.07,-6.5,01-Oct-2026,19245.55,20220.5,20565.75
STRATEGY INDICES,NIFTY ALPHA LOW-VOLATILITY 30,NIFTY ALPHALOWVOL,25011.5,76.4,0.31,24927.4,25044.05,24872.5,24935.1,0.0,0.0,23.97,3.78,1.03,13,17,0,-4.61,-6.12,01-Oct-2026,25672.35,26640.75,26219.0
STRATEGY INDICES,NIFTY200 MOMENTUM 30,NIFTY200MOMENTM30,29447.9,231.7,0.79,29385.25,29599.75,29229.55,29216.2,0.0,0.0,22.97,4.24,0.87,10,20,0,-2.61,-4.14,01-Oct-2026,29614.15,30718.25,30238.5
STRATEGY INDICES,NIFTY MIDCAP150 QUALITY 50,NIFTY M150 QLTY50,22795.9,157.25,0.69,22740.15,22922.05,22675.85,22638.65,0.0,0.0,29.48,6.4,1.05,16,34,0,-5.46,-5.77,01-Oct-2026,23212.0,24191.9,24111.5
STRATEGY INDICES,NIFTY200 ALPHA 30,NIFTY200 ALPHA 30,25380.15,271.55,1.08,25283.3,25497.7,25185.65,25108.6,0.0,0.0,17.72,3.94,0.72,9,21,0,3.88,-4.68,01-Oct-2026,25441.45,26626.05,24431.45
STRATEGY INDICES,NIFTY MIDCAP150 MOMENTUM 50,NIFTYM150MOMNTM50,60689.55,397.2,0.66,60597.75,61020.3,60316.55,60292.35,0.0,0.0,25.71,4.82,0.51,20,30,0,1.38,-4.59,01-Oct-2026,61273.8,63611.25,59860.85
STRATEGY INDICES,NIFTY500 MOMENTUM 50,NIFTY500MOMENTM50,52958.85,380.35,0.72,52894.6,53221.4,52521.7,52578.5,0.0,0.0,29.2,5.77,0.51,17,33,0,3.03,-3.32,01-Oct-2026,52976.35,54778.7,51400.05
STRATEGY INDICES,NIFTY MIDSMALLCAP400 MOMENTUM QUALITY 100,NIFTYMS400 MQ 100,49389.15,235.5,0.48,49381.75,49582.7,49087.65,49153.65,0.0,0.0,28.93,5.76,0.66,43,57,0,3.52,-4.15,01-Oct-2026,50010.6,51529.6,47708.0
STRATEGY INDICES,NIFTY SMALLCAP250 MOMENTUM QUALITY 100,NIFTYSML250MQ 100,47477.3,99.9,0.21,47565.85,47715.85,47086.25,47377.4,0.0,0.0,26.31,4.28,0.65,47,53,0,4.65,-3.45,01-Oct-2026,47806.3,49171.75,45366.7
STRATEGY INDICES,NIFTY TOP 10 EQUAL WEIGHT,NIFTY TOP 10 EW,8121.7,66.8,0.83,8114.0,8139.75,8052.95,8054.9,0.0,0.0,15.98,2.42,1,3,7,0,-13.46,-5.49,01-Oct-2026,8084.05,8593.3,9384.8
STRATEGY INDICES,NIFTY ALPHA QUALITY LOW-VOLATILITY 30,NIFTY AQL 30,21357.9,65.9,0.31,21325.1,21376.65,21210.7,21292.0,0.0,0.0,27.52,5.93,1.37,14,16,0,-4.64,-4.61,01-Oct-2026,21883.95,22391.05,22396.0
STRATEGY INDICES,NIFTY ALPHA QUALITY VALUE LOW-VOLATILITY 30,NIFTY AQLV 30,18830.4,109.35,0.58,18786.1,18839.25,18715.45,18721.05,0.0,0.0,15.48,2.63,1.73,12,18,0,-9.04,-5.08,01-Oct-2026,19275.25,19838.35,20701.1
STRATEGY INDICES,NIFTY HIGH BETA 50,NIFTY HIGHBETA 50,4164.5,48.05,1.17,4138.75,4180.85,4135.65,4116.45,0.0,0.0,22.53,3.01,0.76,12,38,0,9.67,-6.43,01-Oct-2026,4197.8,4450.6,3797.2
STRATEGY INDICES,NIFTY LOW VOLATILITY 50,NIFTY LOW VOL 50,22947.1,66.45,0.29,22922.75,23011.45,22833.55,22880.65,0.0,0.0,22.41,3.49,1.35,20,30,0,-7.68,-5.4,01-Oct-2026,23439.25,24256.6,24857.25
STRATEGY INDICES,NIFTY QUALITY LOW-VOLATILITY 30,NIFTY QLTY LV 30,15571.6,30.7,0.2,15581.6,15600.4,15464.15,15540.9,0.0,0.0,25.3,5.05,1.6,16,14,0,-9.17,-4.72,01-Oct-2026,15915.25,16342.9,17144.45
STRATEGY INDICES,NIFTY SMALLCAP250 QUALITY 50,NIFTY SML250 Q50,24314.45,54.2,0.22,24329.55,24468.55,24187.6,24260.25,0.0,0.0,23.75,4.39,1.11,26,24,0,-7.17,-4.24,01-Oct-2026,24546.6,25390.3,26191.4
STRATEGY INDICES,NIFTY TOP 15 EQUAL WEIGHT,NIFTY TOP 15 EW,9086.75,83.05,0.92,9070.85,9113.5,9020.0,9003.7,0.0,0.0,17.62,2.89,1.38,4,11,0,-12.91,-6.05,01-Oct-2026,9112.3,9672.0,10433.75
STRATEGY INDICES,NIFTY100 ALPHA 30,NIFTY100 ALPHA 30,17031.75,165.25,0.98,16971.95,17069.2,16889.25,16866.5,0.0,0.0,17.25,4.06,0.77,7,23,0,-6.07,-5.13,01-Oct-2026,17181.0,17952.6,18131.75
STRATEGY INDICES,NIFTY200 VALUE 30,NIFTY200 VALUE 30,13991.8,124.45,0.9,13954.45,14115.45,13893.35,13867.35,0.0,0.0,8.71,1.19,2.26,8,22,0,4.07,-5.6,01-Oct-2026,14200.75,14821.9,13444.7
STRATEGY INDICES,NIFTY500 EQUAL WEIGHT,NIFTY500 EW,14189.05,48.45,0.34,14199.95,14268.85,14102.5,14140.6,0.0,0.0,26.63,3.24,0.79,225,274,2,-1.1,-5.56,01-Oct-2026,14437.7,15024.9,14347.05
STRATEGY INDICES,NIFTY500 MULTICAP MOMENTUM QUALITY 50,NIFTY MULTI MQ 50,39852.4,168.55,0.42,39848.5,40085.4,39610.5,39683.85,0.0,0.0,28.81,6.98,1.02,20,30,0,-2.94,-4.17,01-Oct-2026,40108.85,41586.05,41061.3
STRATEGY INDICES,NIFTY500 VALUE 50,NIFTY500 VALUE 50,15094.15,109.95,0.73,15058.15,15229.05,15000.15,14984.2,0.0,0.0,9.76,1.24,2.18,15,35,0,3.16,-5.64,01-Oct-2026,15341.5,15997.0,14632.45
STRATEGY INDICES,NIFTY TOP 20 EQUAL WEIGHT,NIFTY TOP 20 EW,8277.3,61.3,0.75,8253.7,8305.4,8223.8,8216.0,0.0,0.0,19.17,3.09,1.48,6,14,0,-9.9,-5.75,01-Oct-2026,8361.8,8782.05,9186.75
STRATEGY INDICES,NIFTY500 QUALITY 50,NIFTY500 QLTY50,18287.65,128.6,0.71,18263.75,18364.4,18159.85,18159.05,0.0,0.0,24.36,7.56,1.52,16,34,0,-3.83,-6.81,01-Oct-2026,18508.6,19624.6,19015.1
STRATEGY INDICES,NIFTY500 LOW VOLATILITY 50,NIFTY500 LOWVOL50,20825.35,107.4,0.52,20738.4,20840.05,20710.15,20717.95,0.0,0.0,20.49,3.38,1.68,19,31,0,-5.95,-4.92,01-Oct-2026,21282.8,21903.55,22142.95
STRATEGY INDICES,NIFTY500 MULTIFACTOR MQVLV 50,NIFTY500 MQVLV50,28862.6,166.1,0.58,28790.25,28950.3,28676.6,28696.5,0.0,0.0,13.18,2.15,1.74,20,30,0,-7.98,-4.82,01-Oct-2026,29451.95,30322.9,31364.85
STRATEGY INDICES,NIFTY50 USD,NIFTY50 USD,8117.65,49.47,0.61,8068.2,8145.1,7839.85,8068.18,0.0,0.0,0,0,0,,,,-16.45,-7.36,01-Oct-2026,8223.16,8762.85,0.0
STRATEGY INDICES,NIFTY500 FLEXICAP QUALITY 30,NIFTY500 FLEXICAP,9335.6,57.4,0.62,9319.65,9369.05,9272.75,9278.2,0.0,0.0,30.5,6.14,1.3,12,18,0,0.0,-6.31,01-Oct-2026,9496.4,9964.55,0.0
STRATEGY INDICES,NIFTY TOTAL MARKET MOMENTUM QUALITY 50,NIFTY TMMQ 50,42566.8,213.95,0.51,42551.65,42740.05,42337.8,42352.85,0.0,0.0,34.28,8.68,0.96,24,26,0,0.0,-3.88,01-Oct-2026,42625.05,44285.55,0.0
THEMATIC INDICES,NIFTY COMMODITIES,NIFTY COMMODITIES,9182.55,52.3,0.57,9166.2,9264.6,9115.9,9130.25,10569.65,8928.45,14.6,1.89,1.54,10,20,0,1.12,-6.34,01-Oct-2026,9366.4,9803.85,9080.95
THEMATIC INDICES,NIFTY INDIA CONSUMPTION,NIFTY CONSUMPTION,10943.6,80.65,0.74,10866.45,10943.6,10838.25,10862.95,12716.2,10298.5,36.41,6.52,0.85,12,17,1,-9.88,-5.64,01-Oct-2026,11270.1,11597.7,12144.0
THEMATIC INDICES,NIFTY CPSE,NIFTY CPSE,6182.2,62.1,1.01,6140.8,6213.75,6127.3,6120.1,7593.35,6061.6,11.81,1.78,2.99,4,7,0,-5.62,-3.7,01-Oct-2026,6247.7,6419.8,6550.05
THEMATIC INDICES,NIFTY ENERGY,NIFTY ENERGY,36594.65,206.5,0.57,36565.15,36933.45,36391.9,36388.15,41828.55,32890.3,14.41,2,1.9,16,24,0,3.45,-3.87,01-Oct-2026,36693.2,38067.85,35375.9
THEMATIC INDICES,NIFTY INFRASTRUCTURE,NIFTY INFRA,8692.95,87.8,1.02,8629.7,8701.0,8629.7,8605.15,9792.6,8426.65,21.52,2.56,1.01,11,19,0,-4.19,-5.49,01-Oct-2026,8782.5,9197.8,9072.85
THEMATIC INDICES,NIFTY100 LIQUID 15,NIFTY100 LIQ 15,7116.9,79.65,1.13,7073.6,7143.95,7064.75,7037.25,7785.85,6565.7,20.5,2.9,1.34,2,12,1,-1.15,-5.12,01-Oct-2026,7109.0,7500.8,7199.8
THEMATIC INDICES,NIFTY MIDCAP LIQUID 15,NIFTY MID LIQ 15,16101.75,63.2,0.39,16144.8,16221.95,16049.55,16038.55,17721.85,13702.75,40.93,4.21,0.59,6,9,0,7.49,-7.13,01-Oct-2026,16294.7,17338.65,14979.7
THEMATIC INDICES,NIFTY MNC,NIFTY MNC,30018.6,46.15,0.15,30037.55,30181.85,29864.4,29972.45,34028.0,27597.2,34.57,6.95,1.42,13,17,0,0.11,-6.52,01-Oct-2026,30832.8,32110.95,29985.05
THEMATIC INDICES,NIFTY PSE,NIFTY PSE,9283.55,74.9,0.81,9240.9,9360.4,9202.9,9208.65,10839.05,9120.0,10.37,1.62,2.81,6,14,0,-6.49,-4.39,01-Oct-2026,9390.3,9710.15,9927.6
THEMATIC INDICES,NIFTY SERVICES SECTOR,NIFTY SERV SECTOR,29069.15,111.25,0.38,29099.95,29210.3,28875.45,28957.9,34549.75,28232.65,20.36,3.39,1.63,11,19,0,-9.85,-4.93,01-Oct-2026,29193.7,30575.55,32244.45
THEMATIC INDICES,NIFTY100 ESG SECTOR LEADERS,NIFTY100ESGSECLDR,3766.9,16.35,0.44,3767.65,3782.0,3742.9,3750.55,0.0,0.0,19.67,2.83,1.2,23,36,1,-9.41,-5.96,01-Oct-2026,3812.9,4005.8,4158.4
THEMATIC INDICES,NIFTY INDIA DIGITAL,NIFTY IND DIGITAL,8095.85,75.3,0.94,8078.35,8146.8,8009.8,8020.55,9723.25,7233.65,27.02,5.95,1.52,20,30,0,-8.19,-7.6,01-Oct-2026,8135.15,8761.45,8817.65
THEMATIC INDICES,NIFTY100 ESG,NIFTY100 ESG,4658.7,13.1,0.28,4663.7,4679.65,4631.85,4645.6,0.0,0.0,19.74,3.21,1.29,30,48,1,-5.58,-5.97,01-Oct-2026,4727.45,4954.35,4933.95
THEMATIC INDICES,NIFTY INDIA MANUFACTURING,NIFTY INDIA MFG,15220.55,24.65,0.16,15228.3,15280.75,15124.4,15195.9,0.0,0.0,26.8,3.84,0.91,39,38,0,1.78,-6.17,01-Oct-2026,15641.05,16221.4,14954.4
THEMATIC INDICES,NIFTY INDIA CORPORATE GROUP INDEX - TATA GROUP 25% CAP,NIFTY TATA 25 CAP,13358.1,159.5,1.21,13260.15,13388.45,13219.3,13198.6,15588.85,13045.5,31.18,4.19,1.86,1,8,1,-9.1,-7.02,01-Oct-2026,13575.1,14367.0,14694.6
THEMATIC INDICES,NIFTY500 MULTICAP INDIA MANUFACTURING 50:30:20,NIFTY MULTI MFG,15759.2,17.65,0.11,15781.35,15828.55,15667.75,15741.55,17180.3,14148.2,28.37,3.45,0.79,40,35,0,1.27,-6.02,01-Oct-2026,16203.05,16769.35,15560.8
THEMATIC INDICES,NIFTY500 MULTICAP INFRASTRUCTURE 50:30:20,NIFTY MULTI INFRA,13667.25,104.65,0.77,13595.35,13690.35,13575.25,13562.6,14885.8,12542.85,25.19,2.98,0.86,30,45,0,-2.18,-5.44,01-Oct-2026,13778.2,14453.25,13972.45
THEMATIC INDICES,NIFTY INDIA DEFENCE,NIFTY IND DEFENCE,9180.5,37.95,0.42,9156.45,9232.85,9080.65,9142.55,10067.2,7184.9,56.96,10.82,0.51,8,14,0,12.87,-5.44,01-Oct-2026,9231.2,9708.85,8133.65
THEMATIC INDICES,NIFTY INDIA TOURISM,NIFTY IND TOURISM,7599.85,19.05,0.25,7583.3,7636.5,7541.9,7580.8,9091.1,6502.65,86.33,8.92,0.37,3,8,0,-14.81,-2.77,01-Oct-2026,7639.95,7816.3,8920.75
THEMATIC INDICES,NIFTY CAPITAL MARKETS,NIFTY CAPITAL MKT,5137.05,95.25,1.89,5051.85,5145.75,5047.85,5041.8,5697.1,4209.75,41.82,10.71,0.68,3,14,0,20.98,-5.21,01-Oct-2026,5141.1,5419.35,4246.25
THEMATIC INDICES,NIFTY EV & NEW AGE AUTOMOTIVE,NIFTY EV,2984.6,6.2,0.21,2986.75,2999.05,2964.4,2978.4,0.0,0.0,39.88,4.27,0.85,24,13,0,-3.82,-7.23,01-Oct-2026,3073.95,3217.05,3103.3
THEMATIC INDICES,NIFTY INDIA NEW AGE CONSUMPTION,NIFTY NEW CONSUMP,11130.4,99.5,0.9,11049.35,11152.55,11030.9,11030.9,0.0,0.0,43.33,5.82,0.62,21,53,1,-7.3,-6.97,01-Oct-2026,11391.3,11964.65,12007.35
THEMATIC INDICES,NIFTY INDIA SELECT 5 CORPORATE GROUPS (MAATR),NIFTY CORP MAATR,35945.5,347.35,0.98,35793.3,36062.05,35690.6,35598.15,0.0,0.0,22.1,2.81,0.87,11,28,1,-2.44,-7.15,01-Oct-2026,36501.65,38713.55,36845.05
THEMATIC INDICES,NIFTY MOBILITY,NIFTY MOBILITY,21665.7,126.2,0.59,21576.1,21698.05,21465.95,21539.5,0.0,0.0,34.33,3.76,0.93,16,14,0,-4.02,-6.04,01-Oct-2026,22281.15,23057.6,22573.25
THEMATIC INDICES,NIFTY100 ENHANCED ESG,NIFTY100 ENH ESG,4688.9,13.25,0.28,4693.85,4709.95,4661.9,4675.65,0.0,0.0,19.72,3.21,1.29,28,48,1,-5.71,-5.98,01-Oct-2026,4758.1,4986.95,4972.6
THEMATIC INDICES,NIFTY CORE HOUSING,NIFTY COREHOUSING,14386.3,90.55,0.63,14316.55,14468.4,14303.4,14295.75,16353.1,12788.2,30.21,3.14,0.5,6,24,0,-8.72,-6.94,01-Oct-2026,14740.65,15459.45,15761.1
THEMATIC INDICES,NIFTY HOUSING,NIFTY HOUSING,11167.15,71.8,0.65,11138.85,11226.75,11095.05,11095.35,12244.25,10358.7,19.35,2.5,0.96,10,40,0,-3.61,-5.32,01-Oct-2026,11296.95,11795.05,11585.0
THEMATIC INDICES,NIFTY IPO,NIFTY IPO,2419.0,25.85,1.08,2409.2,2424.65,2397.8,2393.15,2489.85,1774.6,101.49,9.89,0.1,46,53,1,11.69,-0.22,01-Oct-2026,2393.35,2424.3,2165.8
THEMATIC INDICES,NIFTY MIDSMALL INDIA CONSUMPTION,NIFTY MS IND CONS,17564.35,85.85,0.49,17538.3,17653.1,17515.45,17478.5,20135.15,15614.35,48.59,6.17,0.79,9,21,0,-9.45,-5.16,01-Oct-2026,18003.15,18520.35,19398.2
THEMATIC INDICES,NIFTY NON-CYCLICAL CONSUMER,NIFTY NONCYC CONS,14332.85,159.1,1.12,14205.75,14332.85,14197.7,14173.75,16774.2,13311.1,42.84,8.98,0.7,8,21,1,-11.12,-4.22,01-Oct-2026,14609.85,14963.7,16125.4
THEMATIC INDICES,NIFTY RURAL,NIFTY RURAL,14141.75,144.65,1.03,14057.45,14141.75,14043.5,13997.1,16396.4,13751.35,21.3,3.34,1.05,26,49,0,-8.71,-6.32,01-Oct-2026,14417.6,15095.4,15490.45
THEMATIC INDICES,NIFTY SHARIAH 25,NIFTY SHARIAH 25,7365.7,-14.15,-0.19,7394.25,7420.15,7336.05,7379.85,8562.1,7196.6,24.39,4.18,1.81,15,9,1,-8.83,-6.19,01-Oct-2026,7545.95,7851.85,8079.3
THEMATIC INDICES,NIFTY TRANSPORTATION & LOGISTICS,NIFTY TRANS LOGIS,24066.15,140.5,0.59,23939.6,24115.6,23792.1,23925.65,27025.05,21355.4,41.59,4.67,0.82,17,13,0,-5.99,-6.25,01-Oct-2026,24803.65,25671.2,25599.2
THEMATIC INDICES,NIFTY50 SHARIAH,NIFTY50 SHARIAH,3923.3,-5.8,-0.15,3938.65,3947.55,3903.35,3929.1,4982.45,3876.2,24.12,3.76,1.72,10,7,1,-13.77,-6.87,01-Oct-2026,3982.05,4212.7,4549.95
THEMATIC INDICES,NIFTY500 SHARIAH,NIFTY500 SHARIAH,6569.6,0.05,0.0,6592.7,6608.2,6535.35,6569.55,7285.7,6162.95,27.16,4.02,1.16,107,95,2,-6.3,-5.38,01-Oct-2026,6673.0,6943.25,7011.45
THEMATIC INDICES,NIFTY SME EMERGE,NIFTY SME EMERGE,15041.55,48.2,0.32,15042.35,15130.1,14977.65,14993.35,17223.65,11015.55,23.14,3.57,0.06,,,,-2.32,1.85,01-Oct-2026,15024.95,14768.65,15398.69
THEMATIC INDICES,NIFTY INDIA INTERNET,NIFTY INTERNET,1347.45,23.95,1.81,1328.0,1353.1,1326.4,1323.5,1507.95,1056.45,140.05,6.04,0.21,11,13,0,0.0,-7.76,01-Oct-2026,1371.1,1460.8,0.0
THEMATIC INDICES,NIFTY WAVES,NIFTY WAVES,1817.35,4.6,0.25,1830.15,1837.8,1807.65,1812.75,2789.8,1581.05,0,2.48,0.3,24,18,1,-15.39,-4.0,01-Oct-2026,1831.7,1893.05,2147.9
THEMATIC INDICES,NIFTY INDIA INFRASTRUCTURE & LOGISTICS,NIFTY INFRALOG,11440.35,102.8,0.91,11383.1,11467.55,11352.95,11337.55,12549.95,9210.4,27.11,3.71,0.85,39,61,0,0.0,-4.48,01-Oct-2026,11455.65,11976.95,0.0
THEMATIC INDICES,NIFTY INDIA RAILWAYS PSU,NIFTY RAILWAYSPSU,2556.8,-7.1,-0.28,2577.4,2588.0,2541.7,2563.9,4005.5,2540.05,19.99,2.51,1.98,10,7,0,-27.38,-7.69,01-Oct-2026,2585.75,2769.65,3520.66
THEMATIC INDICES,NIFTY CONGLOMERATE 50,NIFTYCONGLOMERATE,14032.6,135.3,0.97,13985.15,14069.0,13946.05,13897.3,15692.3,12226.8,20.2,3.51,1.29,11,38,1,-2.08,-7.42,01-Oct-2026,14320.45,15156.6,14330.28
FIXED INCOME INDICES,NIFTY 8-13 YR G-SEC,NIFTY GS 8 13YR,3007.87,-0.52,-0.01,3008.96,3009.56,3007.45,3008.39,0.0,0.0,0,0,0,,,,2.15,-1.11,01-Oct-2026,3008.99,3041.51,2944.43
FIXED INCOME INDICES,NIFTY 10 YR BENCHMARK G-SEC,NIFTY GS 10YR,2632.08,-1.13,-0.04,2633.71,2633.78,2631.43,2633.21,0.0,0.0,0,0,0,,,,1.16,-1.07,01-Oct-2026,2633.54,2660.61,2601.97
FIXED INCOME INDICES,NIFTY 10 YR BENCHMARK G-SEC (CLEAN PRICE),NIFTY GS 10YR CLN,852.32,-0.55,-0.06,852.87,852.89,852.11,852.87,0.0,0.0,0,0,0,,,,-5.52,-1.7,01-Oct-2026,853.99,867.02,902.08
FIXED INCOME INDICES,NIFTY 4-8 YR G-SEC INDEX,NIFTY GS 4 8YR,3300.33,-2.33,-0.07,3303.26,3303.57,3300.33,3302.66,0.0,0.0,0,0,0,,,,3.21,-1.24,01-Oct-2026,3302.28,3341.8,3197.79
FIXED INCOME INDICES,NIFTY 11-15 YR G-SEC INDEX,NIFTY GS 11 15YR,3314.13,0.34,0.01,3314.44,3315.28,3312.73,3313.79,0.0,0.0,0,0,0,,,,2.39,-1.7,01-Oct-2026,3320.05,3371.56,3236.71
FIXED INCOME INDICES,NIFTY 15 YR AND ABOVE G-SEC INDEX,NIFTY GS 15YRPLUS,3518.84,3.03,0.08,3516.53,3520.42,3514.04,3515.81,0.0,0.0,0,0,0,,,,0.89,-0.37,01-Oct-2026,3508.58,3531.94,3487.84
FIXED INCOME INDICES,NIFTY COMPOSITE G-SEC INDEX,NIFTY GS COMPSITE,3098.42,0.01,0.0,3099.0,3099.67,3098.31,3098.41,0.0,0.0,0,0,0,,,,2.12,-1.05,01-Oct-2026,3098.86,3131.34,3034.24
FIXED INCOME INDICES,NIFTY BHARAT BOND INDEX - APRIL 2030,BHARATBOND-APR30,1607.54,1.31,0.02,1607.53,1607.54,1607.53,1606.23,0.0,0.0,0,0,0,,,,3.97,-0.28,01-Oct-2026,1607.93,1612.08,1546.1
FIXED INCOME INDICES,NIFTY BHARAT BOND INDEX - APRIL 2031,BHARATBOND-APR31,1454.23,1.16,0.01,1454.25,1454.27,1454.23,1453.07,0.0,0.0,0,0,0,,,,3.4,-0.54,01-Oct-2026,1455.25,1462.07,1406.47
FIXED INCOME INDICES,NIFTY BHARAT BOND INDEX - APRIL 2032,BHARATBOND-APR32,1316.09,0.51,-0.02,1316.64,1316.66,1316.09,1315.58,0.0,0.0,0,0,0,,,,2.72,-0.75,01-Oct-2026,1317.83,1325.97,1281.3
FIXED INCOME INDICES,NIFTY BHARAT BOND INDEX - APRIL 2033,BHARATBOND-APR33,1274.11,1.04,0.02,1274.11,1274.11,1274.11,1273.07,0.0,0.0,0,0,0,,,,2.56,-0.84,01-Oct-2026,1276.04,1284.88,1242.35
