Date,Symbol,SecurityName,ClientName,Buy/Sell,QuantityTraded,TradePrice/Wght.Avg.Price,Remarks
01-OCT-2026,EDELWEISS,Edelweiss Fin Serv Ltd,PABRAI WAGONS ETF,BUY,"1,45,72,000",142.73,
01-OCT-2026,EDELWEISS,Edelweiss Fin Serv Ltd,PABRAI WAGONS FUND,SELL,"1,45,72,000",142.73,
01-OCT-2026,NIRLON,Nirlon Ltd.,INRE FUND II,BUY,"23,25,000",615.00,
01-OCT-2026,NIRLON,Nirlon Ltd.,NIHAR NANDAN NILEKANI,SELL,"23,25,000",615.00,
01-OCT-2026,NUVAMA,Nuvama Wealth Manage Ltd,PABRAI WAGONS ETF,BUY,"5,20,420","1,652.50",
01-OCT-2026,NUVAMA,Nuvama Wealth Manage Ltd,PABRAI WAGONS FUND,SELL,"5,20,420","1,652.50",
08-OCT-2026,ICICIBANK,ICICI Bank Ltd.,PI OPPORTUNITIES AIF V LLP,BUY,"19,21,581","1,343.00",
08-OCT-2026,ICICIBANK,ICICI Bank Ltd.,PIONEER INVESTMENT FUND SCHEME II,SELL,"19,21,581","1,343.00",
08-OCT-2026,INDGN,Indegene Limited,PI OPPORTUNITIES AIF V LLP,BUY,"20,18,426",590.00,
08-OCT-2026,INDGN,Indegene Limited,PIONEER INVESTMENT FUND SCHEME II,SELL,"20,18,426",590.00,
08-OCT-2026,KAJARIACER,Kajaria Ceramics Ltd,PI OPPORTUNITIES AIF V LLP,BUY,"11,28,464","1,211.00",
08-OCT-2026,KAJARIACER,Kajaria Ceramics Ltd,PIONEER INVESTMENT FUND SCHEME II,SELL,"11,28,464","1,211.00",
08-OCT-2026,RELIANCE,Reliance Industries Ltd,PI OPPORTUNITIES AIF V LLP,BUY,"20,40,212","1,176.00",
08-OCT-2026,RELIANCE,Reliance Industries Ltd,PIONEER INVESTMENT FUND SCHEME II,SELL,"20,40,212","1,176.00",
08-OCT-2026,SBILIFE,SBI Life Insurance Co Ltd,PI OPPORTUNITIES AIF V LLP,BUY,"6,42,153","1,671.00",
08-OCT-2026,SBILIFE,SBI Life Insurance Co Ltd,PIONEER INVESTMENT FUND SCHEME II,SELL,"6,42,153","1,671.00",
