fii_derivatives,buy_contracts,buy_value_in_Cr,sell_contracts,sell_value_in_Cr,open_contracts,open_contracts_value_in_Cr
BANKNIFTY FUTURES,4510.0,745.98,3510.0,581.12,55186.0,9108.48
FINNIFTY FUTURES,16.0,2.38,15.0,2.23,316.0,47.01
MIDCPNIFTY FUTURES,527.0,87.71,548.0,91.17,23516.0,3893.63
NIFTY FUTURES,11298.0,1678.82,27832.0,4130.47,262207.0,38724.1
NIFTYFPI FUTURES,0.0,0.0,0.0,0.0,0.0,0.0
NIFTYNXT50 FUTURES,5.0,0.88,14.0,2.47,433.0,75.79
INDEX OPTIONS,4645727.0,694748.98,4672979.0,698633.5,2794581.0,418251.52
BANKNIFTY OPTIONS,290147.0,48375.04,286544.0,47743.88,403709.0,66167.56
FINNIFTY OPTIONS,3673.0,561.43,4233.0,646.8,1765.0,261.04
MIDCPNIFTY OPTIONS,29001.0,4862.04,30623.0,5147.57,30736.0,5064.51
NIFTY OPTIONS,4322895.0,640948.54,4351568.0,645093.32,2358364.0,346757.19
NIFTYFPI OPTIONS,8.0,1.39,8.0,1.39,0.0,0.0
NIFTYNXT50 OPTIONS,3.0,0.53,3.0,0.53,7.0,1.22
STOCK FUTURES,236162.0,15641.06,243021.0,15955.71,6230791.0,399169.81
STOCK OPTIONS,268205.0,17886.54,271915.0,18033.53,541807.0,33300.5
