symbol,identifier,lastPrice,pChange,quantityTraded,totalTradedVolume,totalTradedValue,previousClose,exDate,purpose,yearHigh,yearLow,change,open,closePrice,dayHigh,dayLow,lastUpdateTime,fetch_by
BSE,BSEEQN,3200.0,3.31,30101047,30101047,95785444690.11,3097.5,10-Jul-2026,,4446.8,2035.1,102.5,3100.0,3200.0,3200.0,3100.0,2026-09-29 16:00:27,value
HDFCBANK,HDFCBANKEQN,722.7,0.51,42755901,42755901,30528568432.02,719.05,19-Jun-2026,,1020.5,681.9,3.65,713.7,722.7,722.7,706.25,2026-09-29 16:00:27,value
RELIANCE,RELIANCEEQN,1182.0,-1.3,24191416,24191416,28722710130.96,1197.6,05-Jun-2026,,1611.8,1181.8,-15.6,1193.8,1182.0,1198.3,1181.8,2026-09-29 16:00:27,value
WIPRO,WIPROEQN,156.79,-2.95,164453787,164453787,25827467248.35,161.56,27-Jul-2026,,273.1,156.79,-4.77,161.0,156.79,162.43,156.79,2026-09-29 16:00:27,value
SBIN,SBINEQN,964.7,0.28,26781498,26781498,25694436996.18,962.0,15-May-2026,,1234.7,856.0,2.7,960.9,964.7,968.1,953.0,2026-09-29 16:00:27,value
VAML,VAMLEQN,432.45,2.95,56303173,56303173,24373643591.7,420.05,05-Aug-2026,,537.0,401.15,12.4,420.15,434.45,479.0,416.55,2026-09-29 16:00:27,value
POLICYBZR,POLICYBZREQN,1081.0,-6.11,19346053,19346053,21223393983.12,1151.3,-,,1964.2,1077.0,-70.3,1162.1,1081.0,1162.3,1077.0,2026-09-29 16:00:27,value
RSYSTEMS,RSYSTEMSEQN,301.0,9.37,67292815,67292815,19872241197.65,275.21,01-Oct-2026,,435.9,213.52,25.79,290.0,298.69,305.98,285.2,2026-09-29 16:00:27,value
ICICIBANK,ICICIBANKEQN,1292.2,-0.75,14811396,14811396,19196457899.76,1302.0,03-Aug-2026,,1480.0,1187.6,-9.8,1295.7,1292.2,1304.8,1291.0,2026-09-29 16:00:27,value
INDHOTEL,INDHOTELEQN,714.35,0.47,26142773,26142773,18692344122.73,711.0,23-Jun-2026,,757.4,565.0,3.35,709.0,714.35,725.9,704.6,2026-09-29 16:00:27,value
BHARTIARTL,BHARTIARTLEQN,1771.2,-0.01,9811381,9811381,17435903288.91,1771.4,24-Jul-2026,,2174.5,1740.5,-0.2,1764.0,1771.2,1787.5,1762.0,2026-09-29 16:00:27,value
IDEA,IDEAEQN,13.56,0.67,1150179404,1150179404,15492916571.88,13.47,20-Aug-2024,,15.79,8.02,0.09,13.6,13.56,13.68,13.26,2026-09-29 16:00:27,value
AZAD,AZADEQN,2915.0,7.04,5323693,5323693,15467457642.2,2723.2,-,,2998.0,1360.0,191.8,2779.0,2914.2,2998.0,2751.1,2026-09-29 16:00:27,value
POLYCAB,POLYCABEQN,8102.5,-1.08,1645809,1645809,13408817375.25,8191.0,19-Jun-2026,,10126.0,6663.0,-88.5,8195.0,8102.5,8256.0,8102.5,2026-09-29 16:00:27,value
KOTAKBANK,KOTAKBANKEQN,406.0,1.11,32613940,32613940,13177336317.6,401.55,17-Jul-2026,,453.2,345.5,4.45,401.25,406.0,409.25,394.7,2026-09-29 16:00:27,value
INFY,INFYEQN,1015.4,1.22,12992711,12992711,12922030652.16,1003.2,10-Jun-2026,,1728.0,980.4,12.2,1002.6,1015.4,1015.4,980.4,2026-09-29 16:00:27,value
HEROMOTORS,HEROMOTORSEQN,138.8,2.77,92851990,92851990,12786647542.9,135.06,-,,155.85,80.5,3.74,137.48,138.71,140.78,132.62,2026-09-29 16:00:27,value
KIRLOSENG,KIRLOSENGEQN,2376.7,11.0,5298949,5298949,12404415693.08,2141.2,31-Jul-2026,,2720.0,865.55,235.5,2141.2,2402.0,2444.0,2124.3,2026-09-29 16:00:27,value
SSRETAIL,SSRETAILEQN,764.0,6.56,16835075,16835075,12206776181.0,716.95,-,,888.0,603.05,47.05,742.15,746.85,775.75,691.0,2026-09-29 16:00:27,value
UNITDSPR,UNITDSPREQN,1363.0,-3.7,8761343,8761343,11980786098.78,1415.4,08-Jul-2026,,1563.4,1210.8,-52.4,1408.0,1363.0,1414.2,1356.1,2026-09-29 16:00:27,value
