INDEX_NAME,OPEN_INDEX_VAL,HIGH_INDEX_VAL,CLOSE_INDEX_VAL,LOW_INDEX_VAL,TURN_OVER,TRADED_QTY,TIMESTAMP
NIFTY 50,25863.8,25953.75,25722.1,25711.2,28788.4,334384400,31-OCT-2025
NIFTY 50,25696.85,25803.1,25763.35,25645.5,23949.88,275858501,03-NOV-2025
NIFTY 50,25744.75,25787.4,25597.65,25578.4,29307.41,305143084,04-NOV-2025
NIFTY 50,25593.35,25679.15,25509.7,25491.55,36129.62,371852417,06-NOV-2025
NIFTY 50,25433.8,25551.25,25492.3,25318.45,35487.0,305606393,07-NOV-2025
NIFTY 50,25503.5,25653.45,25574.35,25503.5,25023.65,243592948,10-NOV-2025
NIFTY 50,25617.0,25715.8,25694.95,25449.25,28285.51,297714069,11-NOV-2025
NIFTY 50,25834.3,25934.55,25875.8,25781.15,30633.19,343864299,12-NOV-2025
NIFTY 50,25906.1,26010.7,25879.15,25808.4,30145.74,385170023,13-NOV-2025
NIFTY 50,25767.9,25940.2,25910.05,25740.8,33121.81,518943416,14-NOV-2025
NIFTY 50,25948.2,26024.2,26013.45,25906.35,23384.35,264610565,17-NOV-2025
NIFTY 50,26021.8,26029.85,25910.05,25876.5,26059.6,280000989,18-NOV-2025
NIFTY 50,25918.1,26074.65,26052.65,25856.2,24496.86,250110008,19-NOV-2025
NIFTY 50,26132.1,26246.65,26192.15,26063.2,25000.17,240425729,20-NOV-2025
NIFTY 50,26109.55,26179.2,26068.15,26052.2,24720.07,235581427,21-NOV-2025
NIFTY 50,26122.8,26142.8,25959.5,25912.15,44895.45,464655063,24-NOV-2025
NIFTY 50,25998.5,26032.6,25884.8,25857.5,25320.15,260454909,25-NOV-2025
NIFTY 50,25842.95,26215.15,26205.3,25842.95,31666.03,275265169,26-NOV-2025
NIFTY 50,26261.25,26310.45,26215.55,26141.9,25306.47,240287057,27-NOV-2025
NIFTY 50,26237.45,26280.75,26202.95,26172.4,20525.36,202511545,28-NOV-2025
NIFTY 50,26325.8,26325.8,26175.75,26124.2,21734.75,213828573,01-DEC-2025
NIFTY 50,26087.95,26154.6,26032.2,25997.85,26298.82,254803113,02-DEC-2025
NIFTY 50,26004.9,26066.45,25986.0,25891.0,25320.85,265660108,03-DEC-2025
NIFTY 50,25981.85,26098.25,26033.75,25938.95,26377.76,248099545,04-DEC-2025
NIFTY 50,25999.8,26202.6,26186.45,25985.35,27491.07,249254405,05-DEC-2025
NIFTY 50,26159.8,26178.7,25960.55,25892.25,31677.57,320729920,08-DEC-2025
NIFTY 50,25867.1,25923.65,25839.65,25728.0,29894.41,275978160,09-DEC-2025
NIFTY 50,25864.05,25947.65,25758.0,25734.55,21975.7,207944446,10-DEC-2025
NIFTY 50,25771.4,25922.8,25898.55,25693.25,20145.19,206099631,11-DEC-2025
NIFTY 50,25971.2,26057.6,26046.95,25938.45,19484.07,216344338,12-DEC-2025
NIFTY 50,25930.05,26047.15,26027.3,25904.75,17444.03,181557703,15-DEC-2025
NIFTY 50,25951.5,25980.75,25860.1,25834.35,23554.69,264351195,16-DEC-2025
NIFTY 50,25902.4,25929.15,25818.55,25770.35,19787.57,206521258,17-DEC-2025
NIFTY 50,25764.7,25902.35,25815.55,25726.3,20046.07,197553755,18-DEC-2025
NIFTY 50,25911.5,25993.35,25966.4,25880.45,36600.58,382927284,19-DEC-2025
NIFTY 50,26055.85,26180.7,26172.4,26047.8,25333.26,252990050,22-DEC-2025
NIFTY 50,26205.2,26233.55,26177.15,26119.05,19670.5,216553840,23-DEC-2025
NIFTY 50,26170.65,26236.4,26142.1,26123.0,17474.44,188846828,24-DEC-2025
NIFTY 50,26121.25,26144.2,26042.3,26008.6,12263.06,142243763,26-DEC-2025
NIFTY 50,26063.35,26106.8,25942.1,25920.3,18184.45,234312888,29-DEC-2025
NIFTY 50,25940.9,25976.75,25938.85,25878.0,39492.31,396893959,30-DEC-2025
NIFTY 50,25971.05,26187.95,26129.6,25969.0,20703.99,246314941,31-DEC-2025
NIFTY 50,26173.3,26197.55,26146.55,26113.4,23454.66,425631910,01-JAN-2026
NIFTY 50,26155.1,26340.0,26328.55,26118.4,23770.13,357547806,02-JAN-2026
NIFTY 50,26333.7,26373.2,26250.3,26210.05,25742.83,338777649,05-JAN-2026
NIFTY 50,26189.7,26273.95,26178.7,26124.75,34567.52,383040203,06-JAN-2026
NIFTY 50,26143.1,26187.15,26140.75,26067.9,30232.63,338216740,07-JAN-2026
NIFTY 50,26106.5,26133.2,25876.85,25858.45,27556.32,328520950,08-JAN-2026
NIFTY 50,25840.4,25940.6,25683.3,25623.0,27486.64,348757262,09-JAN-2026
NIFTY 50,25669.05,25813.15,25790.25,25473.4,23874.45,275757268,12-JAN-2026
NIFTY 50,25897.35,25899.8,25732.3,25603.3,31434.03,339536336,13-JAN-2026
NIFTY 50,25648.55,25791.75,25665.6,25603.95,28944.88,393126596,14-JAN-2026
NIFTY 50,25696.05,25873.5,25694.35,25662.4,37156.05,434041776,16-JAN-2026
NIFTY 50,25653.1,25653.3,25585.5,25494.35,33632.38,443087953,19-JAN-2026
NIFTY 50,25580.3,25585.0,25232.5,25171.35,31020.36,409772324,20-JAN-2026
NIFTY 50,25141.0,25300.95,25157.5,24919.8,30984.61,395624981,21-JAN-2026
NIFTY 50,25344.15,25435.75,25289.9,25168.5,34583.24,486395433,22-JAN-2026
NIFTY 50,25344.6,25347.95,25048.65,25025.3,31844.65,393944908,23-JAN-2026
NIFTY 50,25063.35,25246.65,25175.4,24932.55,50989.25,618696080,27-JAN-2026
NIFTY 50,25258.85,25372.1,25342.75,25187.65,42364.52,574903942,28-JAN-2026
NIFTY 50,25345.0,25458.15,25418.9,25159.8,44306.95,582389331,29-JAN-2026
NIFTY 50,25247.55,25370.7,25320.65,25213.65,40772.08,508388604,30-JAN-2026
NIFTY 50,25333.75,25440.9,24825.45,24571.75,25572.6,379370206,01-FEB-2026
NIFTY 50,24796.5,25108.1,25088.4,24679.4,34038.26,449215604,02-FEB-2026
NIFTY 50,26308.05,26341.2,25727.55,25641.3,52338.39,637263148,03-FEB-2026
NIFTY 50,25675.05,25818.55,25776.0,25563.95,36899.12,429788986,04-FEB-2026
NIFTY 50,25755.9,25757.65,25642.8,25579.5,28582.32,343812628,05-FEB-2026
NIFTY 50,25605.8,25703.95,25693.7,25491.9,29777.45,375476124,06-FEB-2026
NIFTY 50,25888.7,25922.25,25867.3,25780.9,28449.55,359386006,09-FEB-2026
NIFTY 50,25922.65,25989.45,25935.15,25870.45,32795.1,460878237,10-FEB-2026
NIFTY 50,25997.45,26009.4,25953.85,25899.8,31456.05,331389240,11-FEB-2026
NIFTY 50,25906.7,25906.7,25807.2,25752.4,38977.68,419388014,12-FEB-2026
NIFTY 50,25571.15,25630.35,25471.1,25444.3,40137.15,453523192,13-FEB-2026
NIFTY 50,25423.6,25697.0,25682.75,25372.7,22205.92,325487729,16-FEB-2026
NIFTY 50,25637.95,25764.4,25725.4,25570.3,27818.81,378436265,17-FEB-2026
NIFTY 50,25752.65,25828.05,25819.35,25645.15,22228.22,400807585,18-FEB-2026
NIFTY 50,25873.35,25885.3,25454.35,25388.75,24756.87,333658812,19-FEB-2026
NIFTY 50,25406.55,25663.55,25571.25,25379.75,24024.7,309373691,20-FEB-2026
NIFTY 50,25678.4,25771.45,25713.0,25609.35,25494.64,399135843,23-FEB-2026
NIFTY 50,25641.8,25641.8,25424.65,25327.6,36735.38,439068188,24-FEB-2026
NIFTY 50,25512.6,25652.6,25482.5,25428.2,31084.17,414215742,25-FEB-2026
NIFTY 50,25556.3,25572.95,25496.55,25400.95,33155.5,405219244,26-FEB-2026
NIFTY 50,25459.85,25476.4,25178.65,25141.3,38634.68,438924282,27-FEB-2026
NIFTY 50,24659.25,24989.35,24865.7,24603.5,41306.37,519228821,02-MAR-2026
NIFTY 50,24388.8,24602.45,24480.5,24305.4,47700.19,598993881,04-MAR-2026
NIFTY 50,24615.95,24854.2,24765.9,24529.4,40011.88,504339053,05-MAR-2026
NIFTY 50,24656.4,24700.8,24450.45,24415.75,35453.32,433408256,06-MAR-2026
NIFTY 50,23868.05,24078.15,24028.05,23697.8,40569.31,526901605,09-MAR-2026
NIFTY 50,24280.8,24303.8,24261.6,24079.95,36657.53,444283436,10-MAR-2026
NIFTY 50,24231.85,24299.0,23866.85,23834.3,32549.4,407400643,11-MAR-2026
NIFTY 50,23674.85,23833.15,23639.15,23556.3,40147.62,501004098,12-MAR-2026
NIFTY 50,23462.5,23492.4,23151.1,23112.0,40786.7,519776752,13-MAR-2026
NIFTY 50,23116.1,23502.0,23408.8,22955.25,44710.21,540293230,16-MAR-2026
NIFTY 50,23493.2,23656.8,23581.15,23346.6,34495.73,458788167,17-MAR-2026
NIFTY 50,23632.9,23862.25,23777.8,23618.45,28805.6,382876401,18-MAR-2026
NIFTY 50,23197.75,23378.7,23002.15,22930.35,42000.27,550147401,19-MAR-2026
NIFTY 50,23110.15,23345.15,23114.5,23067.6,50308.33,663289390,20-MAR-2026
NIFTY 50,22824.35,22851.7,22512.65,22471.25,41002.59,550275334,23-MAR-2026
NIFTY 50,22878.45,23057.3,22912.4,22624.2,43385.04,538098322,24-MAR-2026
NIFTY 50,23064.4,23465.35,23306.45,23063.2,40733.98,505418973,25-MAR-2026
NIFTY 50,23173.55,23186.1,22819.6,22804.55,47239.2,612556883,27-MAR-2026
NIFTY 50,22549.65,22714.1,22331.4,22283.85,53093.7,698599891,30-MAR-2026
NIFTY 50,22899.0,22941.3,22679.4,22618.6,41192.2,517954448,01-APR-2026
NIFTY 50,22383.4,22782.3,22713.1,22182.55,38669.56,495121035,02-APR-2026
NIFTY 50,22780.3,22998.35,22968.25,22542.95,35893.16,426416812,06-APR-2026
NIFTY 50,22838.7,23153.85,23123.65,22719.3,38940.47,476981883,07-APR-2026
NIFTY 50,23855.15,24025.15,23997.35,23828.5,56557.11,639257993,08-APR-2026
NIFTY 50,23909.05,23990.75,23775.1,23682.8,40443.59,466587329,09-APR-2026
NIFTY 50,23880.55,24074.05,24050.6,23856.35,40109.22,481302436,10-APR-2026
NIFTY 50,23589.6,23907.4,23842.65,23555.6,41931.51,488844789,13-APR-2026
NIFTY 50,24163.8,24280.9,24231.3,24145.8,38376.84,460334041,15-APR-2026
NIFTY 50,24385.2,24400.95,24196.75,24102.8,44634.35,508017772,16-APR-2026
NIFTY 50,24165.9,24371.9,24353.55,24096.05,35373.29,498625189,17-APR-2026
NIFTY 50,24391.5,24480.65,24364.85,24241.25,35042.31,415942883,20-APR-2026
NIFTY 50,24374.55,24601.7,24576.6,24354.9,37315.7,425826834,21-APR-2026
NIFTY 50,24470.85,24515.95,24378.1,24352.9,38980.03,440524292,22-APR-2026
NIFTY 50,24202.35,24310.2,24173.05,24134.8,39616.97,467549860,23-APR-2026
NIFTY 50,24100.55,24206.0,23897.95,23813.65,36898.39,438433486,24-APR-2026
NIFTY 50,23945.45,24130.7,24092.7,23936.2,36685.28,430297937,27-APR-2026
NIFTY 50,24049.9,24181.8,23995.7,23957.05,43390.29,554134344,28-APR-2026
NIFTY 50,24096.9,24334.7,24177.65,24059.95,38035.47,531122966,29-APR-2026
NIFTY 50,23996.95,24087.45,23997.55,23796.85,44420.83,505520648,30-APR-2026
NIFTY 50,24063.55,24290.2,24119.3,24004.75,35790.21,419069793,04-MAY-2026
NIFTY 50,24052.6,24081.7,24032.8,23882.05,33650.36,363297728,05-MAY-2026
NIFTY 50,24171.0,24356.5,24330.95,23997.9,38826.87,429190144,06-MAY-2026
NIFTY 50,24398.5,24482.1,24326.65,24284.0,39529.1,440621691,07-MAY-2026
NIFTY 50,24233.65,24253.8,24176.15,24126.65,31217.1,335887188,08-MAY-2026
NIFTY 50,23970.1,23997.45,23815.85,23799.1,37404.28,390108343,11-MAY-2026
NIFTY 50,23722.6,23757.55,23379.55,23348.4,36200.59,447518189,12-MAY-2026
NIFTY 50,23362.45,23582.95,23412.6,23262.55,33693.48,415359044,13-MAY-2026
NIFTY 50,23530.25,23777.2,23689.6,23426.55,38828.33,428735424,14-MAY-2026
NIFTY 50,23731.4,23839.3,23643.5,23610.3,35052.32,408864566,15-MAY-2026
NIFTY 50,23482.2,23695.65,23649.95,23317.1,30029.02,391968426,18-MAY-2026
NIFTY 50,23675.3,23782.3,23618.0,23587.2,39325.73,441953184,19-MAY-2026
NIFTY 50,23457.25,23690.9,23659.0,23397.3,26163.78,344050591,20-MAY-2026
NIFTY 50,23830.05,23859.9,23654.7,23596.6,29930.79,348183907,21-MAY-2026
NIFTY 50,23671.2,23835.65,23719.3,23671.0,24993.16,336108649,22-MAY-2026
NIFTY 50,23940.25,24054.45,24031.7,23922.85,27301.94,351224048,25-MAY-2026
NIFTY 50,24004.1,24089.8,23913.7,23885.45,29835.11,387932940,26-MAY-2026
NIFTY 50,23880.35,23983.2,23907.15,23858.25,34903.35,531572650,27-MAY-2026
NIFTY 50,23902.15,24002.8,23547.75,23484.75,101439.0,1198023438,29-MAY-2026
NIFTY 50,23654.5,23733.7,23382.6,23357.95,33843.74,421691204,01-JUN-2026
NIFTY 50,23229.15,23556.95,23483.55,23229.15,43063.5,511852817,02-JUN-2026
NIFTY 50,23415.95,23459.65,23405.6,23151.5,36726.56,450089851,03-JUN-2026
NIFTY 50,23282.45,23465.3,23416.55,23247.3,32848.46,412505524,04-JUN-2026
NIFTY 50,23478.95,23516.35,23366.7,23282.65,28432.83,366208223,05-JUN-2026
NIFTY 50,23080.7,23267.3,23123.0,23070.15,26550.42,375730763,08-JUN-2026
NIFTY 50,23259.05,23279.4,23242.1,23104.45,32911.17,402552937,09-JUN-2026
NIFTY 50,23233.95,23425.35,23214.95,23184.6,31906.68,380030627,10-JUN-2026
NIFTY 50,23104.4,23327.45,23161.6,23072.05,28529.75,362996956,11-JUN-2026
NIFTY 50,23412.55,23645.35,23622.9,23313.9,29593.12,351944432,12-JUN-2026
NIFTY 50,23984.85,24011.4,23853.9,23817.8,34783.09,398913735,15-JUN-2026
