dt,open,high,low,close,volume
2026-02-17 09:15:00,25644.5,25681.400390625,25570.69921875,25679.25,0
2026-02-17 10:15:00,25679.400390625,25730.099609375,25642.75,25673.099609375,0
2026-02-17 11:15:00,25673.94921875,25745.349609375,25669.5,25721.69921875,0
2026-02-17 12:15:00,25722.55078125,25763.900390625,25713.900390625,25736.349609375,0
2026-02-17 13:15:00,25736.25,25761.94921875,25667.80078125,25670.94921875,0
2026-02-17 14:15:00,25670.69921875,25746.30078125,25662.599609375,25724.849609375,0
2026-02-17 15:15:00,25725.44921875,25731.849609375,25713.80078125,25716.0,0
2026-02-18 09:15:00,25754.650390625,25754.650390625,25651.05078125,25661.94921875,0
2026-02-18 10:15:00,25663.849609375,25709.0,25645.900390625,25700.05078125,0
2026-02-18 11:15:00,25700.69921875,25718.400390625,25676.55078125,25709.849609375,0
2026-02-18 12:15:00,25710.5,25742.05078125,25703.650390625,25731.5,0
2026-02-18 13:15:00,25730.94921875,25757.349609375,25695.75,25756.80078125,0
2026-02-18 14:15:00,25756.94921875,25827.150390625,25750.599609375,25821.94921875,0
2026-02-18 15:15:00,25820.05078125,25827.44921875,25805.05078125,25805.69921875,0
2026-02-19 09:15:00,25866.30078125,25879.599609375,25750.69921875,25756.44921875,0
2026-02-19 10:15:00,25757.75,25765.849609375,25708.75,25715.80078125,0
2026-02-19 11:15:00,25715.30078125,25720.69921875,25601.0,25603.5,0
2026-02-19 12:15:00,25602.849609375,25639.69921875,25568.19921875,25624.55078125,0
2026-02-19 13:15:00,25623.849609375,25636.25,25545.5,25571.400390625,0
2026-02-19 14:15:00,25570.900390625,25609.94921875,25442.0,25447.599609375,0
2026-02-19 15:15:00,25447.55078125,25447.55078125,25390.5,25416.44921875,0
2026-02-20 09:15:00,25406.349609375,25524.69921875,25380.349609375,25480.44921875,0
2026-02-20 10:15:00,25479.900390625,25606.0,25479.900390625,25561.849609375,0
2026-02-20 11:15:00,25563.349609375,25620.05078125,25562.150390625,25603.099609375,0
2026-02-20 12:15:00,25602.44921875,25663.349609375,25535.75,25554.599609375,0
2026-02-20 13:15:00,25554.5,25611.80078125,25532.0,25602.150390625,0
2026-02-20 14:15:00,25601.650390625,25652.849609375,25563.0,25571.94921875,0
2026-02-20 15:15:00,25570.849609375,25577.44921875,25538.900390625,25565.900390625,0
2026-02-23 09:15:00,25678.400390625,25770.69921875,25627.150390625,25717.849609375,0
2026-02-23 10:15:00,25717.349609375,25733.69921875,25646.599609375,25696.55078125,0
2026-02-23 11:15:00,25696.099609375,25699.19921875,25631.650390625,25662.0,0
2026-02-23 12:15:00,25661.599609375,25690.849609375,25631.55078125,25637.5,0
2026-02-23 13:15:00,25636.69921875,25680.30078125,25609.349609375,25629.849609375,0
2026-02-23 14:15:00,25630.69921875,25728.94921875,25619.75,25710.75,0
2026-02-23 15:15:00,25712.099609375,25722.5,25700.0,25704.25,0
2026-02-24 09:15:00,25641.80078125,25641.80078125,25483.599609375,25484.69921875,0
2026-02-24 10:15:00,25484.0,25515.0,25460.849609375,25505.849609375,0
2026-02-24 11:15:00,25505.69921875,25525.19921875,25447.150390625,25466.05078125,0
2026-02-24 12:15:00,25464.5,25466.94921875,25387.44921875,25424.599609375,0
2026-02-24 13:15:00,25424.599609375,25443.55078125,25328.0,25440.5,0
2026-02-24 14:15:00,25440.05078125,25446.099609375,25361.900390625,25421.19921875,0
2026-02-24 15:15:00,25422.19921875,25464.55078125,25416.650390625,25460.25,0
2026-02-25 09:15:00,25515.05078125,25632.900390625,25512.900390625,25631.75,0
2026-02-25 10:15:00,25631.599609375,25652.5,25607.5,25616.0,0
2026-02-25 11:15:00,25615.5,25622.19921875,25581.05078125,25600.19921875,0
2026-02-25 12:15:00,25599.69921875,25615.5,25440.30078125,25462.599609375,0
2026-02-25 13:15:00,25462.400390625,25485.19921875,25428.400390625,25457.099609375,0
2026-02-25 14:15:00,25457.30078125,25506.55078125,25439.94921875,25478.5,0
2026-02-25 15:15:00,25477.05078125,25488.25,25471.05078125,25478.650390625,0
2026-02-26 09:15:00,25551.55078125,25572.25,25488.30078125,25558.25,0
2026-02-26 10:15:00,25558.599609375,25562.0,25491.69921875,25523.25,0
2026-02-26 11:15:00,25523.5,25570.849609375,25446.75,25459.30078125,0
2026-02-26 12:15:00,25458.05078125,25468.5,25401.599609375,25428.55078125,0
2026-02-26 13:15:00,25428.19921875,25460.55078125,25403.400390625,25453.44921875,0
2026-02-26 14:15:00,25456.650390625,25527.150390625,25427.0,25486.150390625,0
2026-02-26 15:15:00,25486.94921875,25503.25,25482.94921875,25493.30078125,0
2026-02-27 09:15:00,25470.150390625,25470.150390625,25309.400390625,25322.599609375,0
2026-02-27 10:15:00,25321.94921875,25346.44921875,25292.650390625,25335.0,0
2026-02-27 11:15:00,25334.55078125,25341.650390625,25272.19921875,25284.94921875,0
2026-02-27 12:15:00,25285.349609375,25313.150390625,25269.650390625,25289.69921875,0
2026-02-27 13:15:00,25288.80078125,25352.05078125,25281.650390625,25324.55078125,0
2026-02-27 14:15:00,25324.19921875,25328.900390625,25142.349609375,25167.900390625,0
2026-02-27 15:15:00,25168.80078125,25189.099609375,25159.349609375,25181.80078125,0
2026-03-02 09:15:00,24723.400390625,24988.75,24722.0,24884.849609375,0
2026-03-02 10:15:00,24885.349609375,24887.849609375,24812.25,24843.19921875,0
2026-03-02 11:15:00,24844.80078125,24849.19921875,24743.25,24744.55078125,0
2026-03-02 12:15:00,24743.5,24756.0,24679.099609375,24695.5,0
2026-03-02 13:15:00,24695.650390625,24795.5,24603.94921875,24787.400390625,0
2026-03-02 14:15:00,24787.5,24904.80078125,24722.5,24904.80078125,0
2026-03-02 15:15:00,24905.25,24914.849609375,24845.19921875,24849.75,0
2026-03-04 09:15:00,24421.44921875,24471.19921875,24306.599609375,24413.650390625,0
2026-03-04 10:15:00,24413.650390625,24461.349609375,24375.69921875,24435.44921875,0
2026-03-04 11:15:00,24436.400390625,24438.900390625,24354.150390625,24379.849609375,0
2026-03-04 12:15:00,24381.150390625,24461.0,24357.75,24461.0,0
2026-03-04 13:15:00,24461.44921875,24556.44921875,24415.75,24554.94921875,0
2026-03-04 14:15:00,24555.349609375,24602.0,24457.44921875,24465.94921875,0
2026-03-04 15:15:00,24464.849609375,24482.150390625,24451.05078125,24473.94921875,0
2026-03-05 09:15:00,24615.900390625,24656.5,24530.69921875,24596.25,0
2026-03-05 10:15:00,24597.05078125,24672.5,24538.55078125,24643.19921875,0
2026-03-05 11:15:00,24639.849609375,24662.94921875,24556.900390625,24615.5,0
2026-03-05 12:15:00,24615.650390625,24665.94921875,24592.900390625,24639.650390625,0
2026-03-05 13:15:00,24640.69921875,24671.30078125,24547.349609375,24553.75,0
2026-03-05 14:15:00,24554.150390625,24853.900390625,24529.55078125,24714.80078125,0
2026-03-05 15:15:00,24716.0,24759.400390625,24706.05078125,24737.44921875,0
2026-03-06 09:15:00,24656.400390625,24688.099609375,24588.349609375,24653.349609375,0
2026-03-06 10:15:00,24652.349609375,24675.650390625,24575.75,24617.599609375,0
2026-03-06 11:15:00,24617.400390625,24654.55078125,24593.900390625,24608.849609375,0
2026-03-06 12:15:00,24608.599609375,24623.349609375,24576.05078125,24602.650390625,0
2026-03-06 13:15:00,24602.05078125,24623.5,24543.80078125,24585.75,0
2026-03-06 14:15:00,24587.19921875,24616.44921875,24431.5,24441.650390625,0
2026-03-06 15:15:00,24441.099609375,24474.400390625,24416.650390625,24469.400390625,0
2026-03-09 09:15:00,23868.05078125,23958.099609375,23697.849609375,23807.25,0
2026-03-09 10:15:00,23806.19921875,23896.0,23744.849609375,23818.599609375,0
2026-03-09 11:15:00,23819.5,23932.0,23787.349609375,23855.80078125,0
2026-03-09 12:15:00,23855.349609375,23918.19921875,23834.099609375,23870.69921875,0
2026-03-09 13:15:00,23869.69921875,23937.55078125,23853.849609375,23881.349609375,0
2026-03-09 14:15:00,23883.599609375,24075.849609375,23863.94921875,24047.80078125,0
2026-03-09 15:15:00,24047.69921875,24056.150390625,23994.69921875,24007.599609375,0
2026-03-10 09:15:00,24287.099609375,24296.900390625,24079.94921875,24151.05078125,0
2026-03-10 10:15:00,24151.5,24233.19921875,24149.30078125,24222.400390625,0
2026-03-10 11:15:00,24222.19921875,24255.30078125,24172.5,24172.5,0
2026-03-10 12:15:00,24173.099609375,24236.5,24142.44921875,24209.349609375,0
2026-03-10 13:15:00,24209.900390625,24294.0,24190.400390625,24285.94921875,0
2026-03-10 14:15:00,24286.25,24296.650390625,24201.94921875,24258.0,0
2026-03-10 15:15:00,24257.400390625,24302.5,24254.0,24286.150390625,0
2026-03-11 09:15:00,24262.69921875,24298.44921875,24109.849609375,24116.5,0
2026-03-11 10:15:00,24117.099609375,24141.94921875,24049.400390625,24071.400390625,0
2026-03-11 11:15:00,24073.75,24073.75,23972.349609375,24011.599609375,0
2026-03-11 12:15:00,24012.55078125,24024.19921875,23920.30078125,23929.650390625,0
2026-03-11 13:15:00,23930.69921875,24005.349609375,23914.19921875,23939.94921875,0
2026-03-11 14:15:00,23940.94921875,23977.05078125,23855.25,23861.900390625,0
2026-03-11 15:15:00,23864.19921875,23879.599609375,23837.05078125,23848.19921875,0
2026-03-12 09:15:00,23686.599609375,23696.349609375,23557.849609375,23610.150390625,0
2026-03-12 10:15:00,23610.5,23773.650390625,23589.900390625,23741.05078125,0
2026-03-12 11:15:00,23741.75,23756.650390625,23665.0,23749.349609375,0
2026-03-12 12:15:00,23751.150390625,23759.19921875,23656.400390625,23715.25,0
2026-03-12 13:15:00,23718.30078125,23832.650390625,23695.80078125,23738.900390625,0
2026-03-12 14:15:00,23739.349609375,23758.150390625,23605.55078125,23633.900390625,0
2026-03-12 15:15:00,23636.349609375,23652.150390625,23624.599609375,23639.349609375,0
2026-03-13 09:15:00,23472.80078125,23491.900390625,23311.849609375,23329.80078125,0
2026-03-13 10:15:00,23330.94921875,23379.55078125,23306.5,23321.650390625,0
2026-03-13 11:15:00,23323.55078125,23414.900390625,23309.650390625,23336.150390625,0
2026-03-13 12:15:00,23338.900390625,23338.900390625,23175.05078125,23175.69921875,0
2026-03-13 13:15:00,23178.349609375,23205.5,23113.30078125,23201.849609375,0
2026-03-13 14:15:00,23203.650390625,23258.599609375,23125.099609375,23162.55078125,0
2026-03-13 15:15:00,23161.44921875,23173.849609375,23138.5,23170.900390625,0
2026-03-16 09:15:00,23125.650390625,23284.349609375,23106.44921875,23155.19921875,0
2026-03-16 10:15:00,23154.349609375,23154.349609375,22955.55078125,23092.349609375,0
2026-03-16 11:15:00,23093.55078125,23218.150390625,23090.69921875,23162.849609375,0
2026-03-16 12:15:00,23163.30078125,23196.44921875,23086.349609375,23116.80078125,0
2026-03-16 13:15:00,23117.94921875,23180.69921875,23092.849609375,23155.30078125,0
2026-03-16 14:15:00,23155.05078125,23502.0,23134.599609375,23435.25,0
2026-03-16 15:15:00,23435.80078125,23436.05078125,23338.599609375,23355.599609375,0
2026-03-17 09:15:00,23493.19921875,23536.849609375,23347.400390625,23526.0,0
2026-03-17 10:15:00,23525.849609375,23576.55078125,23443.0,23470.55078125,0
2026-03-17 11:15:00,23471.44921875,23479.5,23355.69921875,23435.30078125,0
2026-03-17 12:15:00,23435.150390625,23533.5,23380.349609375,23531.599609375,0
2026-03-17 13:15:00,23532.94921875,23608.900390625,23504.150390625,23600.44921875,0
2026-03-17 14:15:00,23600.0,23656.19921875,23526.849609375,23607.5,0
2026-03-17 15:15:00,23607.05078125,23607.650390625,23546.55078125,23557.5,0
2026-03-18 09:15:00,23634.30078125,23754.349609375,23630.25,23664.30078125,0
2026-03-18 10:15:00,23664.94921875,23790.75,23664.650390625,23785.30078125,0
2026-03-18 11:15:00,23784.69921875,23835.099609375,23770.599609375,23779.650390625,0
2026-03-18 12:15:00,23779.19921875,23803.19921875,23760.900390625,23803.19921875,0
2026-03-18 13:15:00,23802.400390625,23858.75,23792.400390625,23817.650390625,0
2026-03-18 14:15:00,23817.5,23861.80078125,23766.900390625,23792.55078125,0
2026-03-18 15:15:00,23792.349609375,23792.900390625,23730.650390625,23764.099609375,0
2026-03-19 09:15:00,23209.099609375,23371.75,23209.099609375,23236.650390625,0
2026-03-19 10:15:00,23234.75,23317.80078125,23204.05078125,23220.94921875,0
2026-03-19 11:15:00,23221.349609375,23268.75,23207.55078125,23265.5,0
2026-03-19 12:15:00,23265.5,23281.19921875,23194.69921875,23200.25,0
2026-03-19 13:15:00,23200.349609375,23217.849609375,23088.94921875,23111.30078125,0
2026-03-19 14:15:00,23111.55078125,23137.05078125,22931.94921875,22987.25,0
2026-03-19 15:15:00,22987.55078125,23093.900390625,22977.650390625,23087.849609375,0
2026-03-20 09:15:00,23130.599609375,23318.900390625,23130.599609375,23243.650390625,0
2026-03-20 10:15:00,23243.400390625,23317.900390625,23200.650390625,23289.150390625,0
2026-03-20 11:15:00,23288.94921875,23344.900390625,23210.900390625,23233.05078125,0
2026-03-20 12:15:00,23234.150390625,23251.19921875,23120.349609375,23231.5,0
2026-03-20 13:15:00,23232.0,23272.400390625,23185.25,23199.150390625,0
2026-03-20 14:15:00,23200.05078125,23205.75,23067.900390625,23106.849609375,0
2026-03-20 15:15:00,23106.25,23139.80078125,23078.69921875,23134.650390625,0
2026-03-23 09:15:00,22837.19921875,22838.349609375,22571.400390625,22572.30078125,0
2026-03-23 10:15:00,22571.94921875,22587.5,22505.0,22554.150390625,0
2026-03-23 11:15:00,22554.599609375,22571.599609375,22508.30078125,22535.349609375,0
2026-03-23 12:15:00,22534.25,22555.900390625,22472.099609375,22489.099609375,0
2026-03-23 13:15:00,22489.69921875,22661.150390625,22482.849609375,22618.69921875,0
2026-03-23 14:15:00,22619.650390625,22656.44921875,22486.099609375,22509.25,0
2026-03-23 15:15:00,22509.55078125,22510.69921875,22478.099609375,22492.650390625,0
2026-03-24 09:15:00,22854.05078125,22897.650390625,22682.30078125,22708.099609375,0
2026-03-24 10:15:00,22706.94921875,22766.80078125,22624.900390625,22698.25,0
2026-03-24 11:15:00,22699.400390625,22827.80078125,22689.55078125,22761.44921875,0
2026-03-24 12:15:00,22761.900390625,23025.19921875,22753.349609375,22990.5,0
2026-03-24 13:15:00,22990.75,23057.099609375,22950.599609375,22992.349609375,0
2026-03-24 14:15:00,22993.19921875,23037.900390625,22875.349609375,22898.650390625,0
2026-03-24 15:15:00,22901.150390625,22961.69921875,22881.30078125,22958.400390625,0
2026-03-25 09:15:00,23067.75,23310.099609375,23067.75,23305.55078125,0
2026-03-25 10:15:00,23306.599609375,23433.55078125,23283.349609375,23432.55078125,0
2026-03-25 11:15:00,23432.30078125,23442.0,23343.5,23440.349609375,0
2026-03-25 12:15:00,23439.94921875,23465.25,23369.69921875,23392.599609375,0
2026-03-25 13:15:00,23392.19921875,23462.80078125,23371.55078125,23390.75,0
2026-03-25 14:15:00,23390.30078125,23403.94921875,23284.099609375,23300.650390625,0
2026-03-25 15:15:00,23302.94921875,23311.400390625,23273.94921875,23309.0,0
2026-03-27 09:15:00,23173.55078125,23173.55078125,22977.55078125,22979.849609375,0
2026-03-27 10:15:00,22980.5,23038.650390625,22949.75,22991.0,0
2026-03-27 11:15:00,22990.44921875,22992.69921875,22917.69921875,22934.150390625,0
2026-03-27 12:15:00,22934.349609375,22973.19921875,22906.400390625,22943.150390625,0
2026-03-27 13:15:00,22943.650390625,22992.94921875,22884.94921875,22911.69921875,0
2026-03-27 14:15:00,22911.05078125,22917.099609375,22811.900390625,22815.19921875,0
2026-03-27 15:15:00,22814.400390625,22838.25,22804.80078125,22835.5,0
2026-03-30 09:15:00,22574.69921875,22713.30078125,22472.94921875,22596.75,0
2026-03-30 10:15:00,22595.900390625,22603.94921875,22454.0,22478.55078125,0
2026-03-30 11:15:00,22479.25,22594.5,22453.150390625,22567.099609375,0
2026-03-30 12:15:00,22566.900390625,22594.099609375,22481.44921875,22499.19921875,0
2026-03-30 13:15:00,22498.55078125,22516.349609375,22419.150390625,22420.5,0
2026-03-30 14:15:00,22420.19921875,22431.849609375,22285.55078125,22335.599609375,0
2026-03-30 15:15:00,22335.44921875,22391.0,22325.150390625,22379.19921875,0
2026-04-01 09:15:00,22878.900390625,22941.0,22811.400390625,22868.849609375,0
2026-04-01 10:15:00,22867.900390625,22879.44921875,22738.599609375,22763.75,0
2026-04-01 11:15:00,22763.55078125,22864.599609375,22736.94921875,22859.30078125,0
2026-04-01 12:15:00,22857.75,22883.400390625,22816.55078125,22883.30078125,0
2026-04-01 13:15:00,22883.19921875,22897.94921875,22649.75,22753.0,0
2026-04-01 14:15:00,22754.349609375,22756.80078125,22619.05078125,22671.650390625,0
2026-04-01 15:15:00,22671.099609375,22706.30078125,22668.599609375,22703.150390625,0
2026-04-02 09:15:00,22383.400390625,22383.400390625,22183.30078125,22234.349609375,0
2026-04-02 10:15:00,22234.5,22250.19921875,22188.94921875,22227.650390625,0
2026-04-02 11:15:00,22225.849609375,22300.599609375,22202.75,22267.0,0
2026-04-02 12:15:00,22267.849609375,22405.19921875,22231.25,22369.849609375,0
2026-04-02 13:15:00,22368.5,22628.25,22360.30078125,22627.25,0
2026-04-02 14:15:00,22625.849609375,22761.44921875,22569.150390625,22760.400390625,0
2026-04-02 15:15:00,22761.94921875,22781.94921875,22673.599609375,22700.25,0
2026-04-06 09:15:00,22785.849609375,22785.849609375,22562.849609375,22654.849609375,0
2026-04-06 10:15:00,22659.80078125,22679.69921875,22543.400390625,22567.80078125,0
2026-04-06 11:15:00,22567.44921875,22707.80078125,22558.650390625,22659.599609375,0
2026-04-06 12:15:00,22660.349609375,22864.849609375,22644.44921875,22860.69921875,0
2026-04-06 13:15:00,22861.30078125,22913.349609375,22843.400390625,22911.400390625,0
2026-04-06 14:15:00,22911.650390625,22997.650390625,22881.400390625,22989.349609375,0
2026-04-06 15:15:00,22990.30078125,22991.19921875,22954.19921875,22959.44921875,0
2026-04-07 09:15:00,22834.80078125,22928.349609375,22720.44921875,22920.0,0
2026-04-07 10:15:00,22921.80078125,22966.400390625,22827.75,22862.5,0
2026-04-07 11:15:00,22866.05078125,22991.55078125,22852.150390625,22942.55078125,0
2026-04-07 12:15:00,22939.94921875,22956.05078125,22905.69921875,22938.849609375,0
2026-04-07 13:15:00,22941.650390625,23063.349609375,22933.75,23011.94921875,0
2026-04-07 14:15:00,23014.55078125,23133.25,22982.150390625,23109.25,0
2026-04-07 15:15:00,23109.400390625,23151.849609375,23106.099609375,23129.94921875,0
2026-04-08 09:15:00,23855.150390625,23959.75,23836.900390625,23880.150390625,0
2026-04-08 10:15:00,23880.44921875,24004.19921875,23869.099609375,23991.75,0
2026-04-08 11:15:00,23991.599609375,24014.0,23920.150390625,23963.30078125,0
2026-04-08 12:15:00,23963.19921875,23988.599609375,23902.25,23974.099609375,0
2026-04-08 13:15:00,23974.30078125,24024.5,23944.0,23948.25,0
2026-04-08 14:15:00,23948.150390625,24017.599609375,23946.75,23994.849609375,0
2026-04-08 15:15:00,23994.25,24018.25,23985.30078125,24010.599609375,0
2026-04-09 09:15:00,23908.650390625,23989.75,23760.55078125,23839.0,0
2026-04-09 10:15:00,23839.05078125,23872.19921875,23803.650390625,23855.75,0
2026-04-09 11:15:00,23855.599609375,23907.30078125,23814.19921875,23881.25,0
2026-04-09 12:15:00,23881.05078125,23886.900390625,23801.599609375,23815.400390625,0
2026-04-09 13:15:00,23815.849609375,23817.30078125,23740.80078125,23753.19921875,0
2026-04-09 14:15:00,23753.44921875,23806.80078125,23683.349609375,23793.349609375,0
2026-04-09 15:15:00,23792.94921875,23794.349609375,23758.94921875,23766.05078125,0
2026-04-10 09:15:00,23880.55078125,24001.25,23867.19921875,23994.400390625,0
2026-04-10 10:15:00,23994.94921875,24035.599609375,23972.30078125,24013.30078125,0
2026-04-10 11:15:00,24012.05078125,24019.55078125,23953.80078125,24009.05078125,0
2026-04-10 12:15:00,24009.099609375,24032.599609375,23986.150390625,24002.55078125,0
2026-04-10 13:15:00,24003.150390625,24047.849609375,23996.0,24020.099609375,0
2026-04-10 14:15:00,24020.400390625,24073.80078125,23938.599609375,24057.5,0
2026-04-10 15:15:00,24058.099609375,24063.44921875,24045.900390625,24051.80078125,0
2026-04-13 09:15:00,23619.05078125,23693.69921875,23556.150390625,23660.05078125,0
2026-04-13 10:15:00,23655.5,23757.650390625,23634.05078125,23743.69921875,0
2026-04-13 11:15:00,23743.75,23816.099609375,23729.400390625,23814.599609375,0
2026-04-13 12:15:00,23814.69921875,23847.099609375,23771.75,23820.650390625,0
2026-04-13 13:15:00,23821.25,23905.650390625,23805.25,23854.5,0
2026-04-13 14:15:00,23854.75,23897.44921875,23822.25,23845.400390625,0
2026-04-13 15:15:00,23843.650390625,23847.0,23814.650390625,23818.900390625,0
2026-04-15 09:15:00,24166.099609375,24266.69921875,24146.69921875,24241.650390625,0
2026-04-15 10:15:00,24241.55078125,24273.150390625,24177.599609375,24184.25,0
2026-04-15 11:15:00,24184.5,24234.94921875,24174.5,24226.849609375,0
2026-04-15 12:15:00,24227.0,24236.650390625,24200.19921875,24220.55078125,0
2026-04-15 13:15:00,24220.650390625,24238.55078125,24187.75,24226.599609375,0
2026-04-15 14:15:00,24227.05078125,24265.75,24214.400390625,24227.849609375,0
2026-04-15 15:15:00,24228.69921875,24230.349609375,24206.5,24211.900390625,0
2026-04-16 09:15:00,24380.25,24400.099609375,24266.5,24307.599609375,0
2026-04-16 10:15:00,24306.150390625,24333.19921875,24292.44921875,24313.900390625,0
2026-04-16 11:15:00,24313.19921875,24328.94921875,24153.55078125,24184.80078125,0
2026-04-16 12:15:00,24182.94921875,24189.69921875,24108.099609375,24122.30078125,0
2026-04-16 13:15:00,24122.599609375,24190.5,24103.099609375,24166.69921875,0
2026-04-16 14:15:00,24166.69921875,24245.0,24153.75,24183.900390625,0
2026-04-16 15:15:00,24184.25,24203.25,24177.80078125,24188.400390625,0
2026-04-17 09:15:00,24173.599609375,24279.400390625,24109.44921875,24272.94921875,0
2026-04-17 10:15:00,24273.44921875,24303.849609375,24237.75,24265.099609375,0
2026-04-17 11:15:00,24264.650390625,24322.25,24253.150390625,24285.599609375,0
2026-04-17 12:15:00,24286.19921875,24293.69921875,24259.900390625,24285.05078125,0
2026-04-17 13:15:00,24284.30078125,24317.75,24265.400390625,24306.849609375,0
2026-04-17 14:15:00,24307.5,24357.900390625,24304.75,24354.55078125,0
2026-04-17 15:15:00,24353.650390625,24370.25,24348.099609375,24366.900390625,0
2026-04-20 14:15:00,24392.94921875,24394.05078125,24381.0,24381.80078125,0
2026-04-20 15:15:00,24382.25,24383.19921875,24318.0,24330.900390625,0
2026-04-21 09:15:00,24374.55078125,24524.650390625,24357.150390625,24513.150390625,0
2026-04-21 10:15:00,24513.44921875,24564.5,24487.5,24557.44921875,0
2026-04-21 11:15:00,24556.44921875,24568.25,24513.650390625,24559.05078125,0
2026-04-21 12:15:00,24559.0,24571.05078125,24525.349609375,24540.400390625,0
2026-04-21 13:15:00,24540.69921875,24569.80078125,24522.599609375,24537.400390625,0
2026-04-21 14:15:00,24537.19921875,24600.150390625,24526.05078125,24573.0,0
2026-04-21 15:15:00,24573.900390625,24600.849609375,24567.400390625,24581.05078125,0
2026-04-22 09:15:00,24463.75,24515.75,24354.150390625,24373.150390625,0
2026-04-22 10:15:00,24372.900390625,24447.80078125,24353.69921875,24428.150390625,0
2026-04-22 11:15:00,24427.94921875,24449.69921875,24390.55078125,24419.150390625,0
2026-04-22 12:15:00,24418.650390625,24437.69921875,24395.5,24431.25,0
2026-04-22 13:15:00,24429.75,24458.25,24385.44921875,24415.0,0
2026-04-22 14:15:00,24416.44921875,24430.25,24374.150390625,24382.400390625,0
2026-04-22 15:15:00,24382.05078125,24392.650390625,24356.69921875,24367.650390625,0
2026-04-23 09:15:00,24208.150390625,24309.900390625,24138.849609375,24275.349609375,0
2026-04-23 10:15:00,24276.80078125,24291.650390625,24185.19921875,24191.849609375,0
2026-04-23 11:15:00,24193.19921875,24225.900390625,24172.849609375,24222.5,0
2026-04-23 12:15:00,24222.94921875,24231.5,24167.099609375,24216.19921875,0
2026-04-23 13:15:00,24217.25,24281.099609375,24204.30078125,24209.19921875,0
2026-04-23 14:15:00,24209.099609375,24221.400390625,24157.94921875,24160.0,0
2026-04-23 15:15:00,24161.30078125,24175.099609375,24149.80078125,24156.05078125,0
2026-04-24 09:15:00,24109.55078125,24203.349609375,23944.849609375,23992.849609375,0
2026-04-24 10:15:00,23992.25,23992.25,23910.05078125,23916.19921875,0
2026-04-24 11:15:00,23915.099609375,23949.30078125,23894.150390625,23930.650390625,0
2026-04-24 12:15:00,23930.80078125,23936.5,23851.25,23865.5,0
2026-04-24 13:15:00,23865.599609375,23880.05078125,23815.349609375,23841.650390625,0
2026-04-24 14:15:00,23841.44921875,23930.5,23840.150390625,23895.44921875,0
2026-04-24 15:15:00,23895.25,23924.19921875,23894.5,23903.94921875,0
2026-04-27 09:15:00,23965.349609375,24107.349609375,23952.0,24063.30078125,0
2026-04-27 10:15:00,24063.900390625,24103.150390625,24013.0,24056.900390625,0
2026-04-27 11:15:00,24055.44921875,24077.5,23974.400390625,24040.5,0
2026-04-27 12:15:00,24039.849609375,24100.0,24031.19921875,24099.75,0
2026-04-27 13:15:00,24100.19921875,24129.30078125,24093.30078125,24122.19921875,0
2026-04-27 14:15:00,24122.099609375,24130.30078125,24078.900390625,24094.30078125,0
2026-04-27 15:15:00,24095.150390625,24112.75,24077.849609375,24110.19921875,0
2026-04-28 09:15:00,24044.900390625,24167.900390625,24001.349609375,24148.30078125,0
2026-04-28 10:15:00,24148.400390625,24181.75,24124.25,24148.0,0
2026-04-28 11:15:00,24148.150390625,24148.94921875,24029.30078125,24048.25,0
2026-04-28 12:15:00,24046.849609375,24057.44921875,23992.55078125,24017.599609375,0
2026-04-28 13:15:00,24018.69921875,24049.0,23961.599609375,23981.94921875,0
2026-04-28 14:15:00,23983.19921875,24046.44921875,23968.650390625,23972.44921875,0
2026-04-28 15:15:00,23972.75,24016.5,23958.05078125,24016.5,0
2026-04-29 09:15:00,24103.0,24235.849609375,24060.650390625,24233.80078125,0
2026-04-29 10:15:00,24235.19921875,24298.849609375,24234.650390625,24288.150390625,0
2026-04-29 11:15:00,24289.900390625,24311.150390625,24260.0,24293.150390625,0
2026-04-29 12:15:00,24295.099609375,24334.19921875,24293.19921875,24318.19921875,0
2026-04-29 13:15:00,24319.69921875,24325.849609375,24197.44921875,24214.599609375,0
2026-04-29 14:15:00,24215.599609375,24230.69921875,24168.650390625,24170.150390625,0
2026-04-29 15:15:00,24170.0,24171.400390625,24142.94921875,24163.599609375,0
2026-04-30 09:15:00,24005.69921875,24005.69921875,23824.900390625,23828.599609375,0
2026-04-30 10:15:00,23828.69921875,23857.30078125,23798.900390625,23799.900390625,0
2026-04-30 11:15:00,23800.900390625,23899.75,23797.05078125,23899.75,0
2026-04-30 12:15:00,23899.05078125,23956.30078125,23873.30078125,23950.150390625,0
2026-04-30 13:15:00,23948.849609375,24060.75,23938.349609375,24022.849609375,0
2026-04-30 14:15:00,24021.5,24086.94921875,23962.94921875,23991.30078125,0
2026-04-30 15:15:00,23992.099609375,24051.80078125,23984.650390625,24043.69921875,0
2026-05-04 09:15:00,24096.19921875,24289.19921875,24096.19921875,24175.19921875,0
2026-05-04 10:15:00,24175.30078125,24240.650390625,24142.80078125,24227.25,0
2026-05-04 11:15:00,24227.5,24249.150390625,24115.80078125,24117.0,0
2026-05-04 12:15:00,24117.349609375,24154.099609375,24083.599609375,24109.099609375,0
2026-05-04 13:15:00,24109.05078125,24111.75,24005.30078125,24103.75,0
2026-05-04 14:15:00,24105.0,24149.69921875,24071.0,24123.25,0
2026-05-04 15:15:00,24125.05078125,24135.44921875,24110.19921875,24123.80078125,0
2026-05-05 09:15:00,24049.55078125,24070.099609375,23949.75,23986.0,0
2026-05-05 10:15:00,23986.099609375,23994.44921875,23915.25,23939.0,0
2026-05-05 11:15:00,23937.80078125,23966.75,23883.5,23946.44921875,0
2026-05-05 12:15:00,23945.94921875,24079.0,23933.80078125,24068.80078125,0
2026-05-05 13:15:00,24067.349609375,24080.94921875,24002.150390625,24016.80078125,0
2026-05-05 14:15:00,24017.19921875,24061.0,23997.849609375,24041.650390625,0
2026-05-05 15:15:00,24044.0,24059.69921875,24037.05078125,24052.150390625,0
2026-05-06 09:15:00,24179.599609375,24245.30078125,24096.5,24137.30078125,0
2026-05-06 10:15:00,24137.0,24155.400390625,24073.55078125,24089.30078125,0
2026-05-06 11:15:00,24089.150390625,24117.349609375,24069.69921875,24082.80078125,0
2026-05-06 12:15:00,24081.75,24081.75,23999.0,24040.650390625,0
2026-05-06 13:15:00,24039.900390625,24133.349609375,24036.30078125,24133.349609375,0
2026-05-06 14:15:00,24134.05078125,24355.55078125,24133.400390625,24321.349609375,0
2026-05-06 15:15:00,24321.75,24346.599609375,24317.05078125,24339.30078125,0
2026-05-07 09:15:00,24398.5,24418.900390625,24300.69921875,24323.650390625,0
2026-05-07 10:15:00,24324.650390625,24379.05078125,24310.05078125,24317.75,0
2026-05-07 11:15:00,24328.55078125,24369.900390625,24284.650390625,24361.55078125,0
2026-05-07 12:15:00,24362.44921875,24481.94921875,24329.69921875,24389.69921875,0
2026-05-07 13:15:00,24388.650390625,24399.5,24324.55078125,24361.650390625,0
2026-05-07 14:15:00,24361.25,24385.30078125,24293.400390625,24303.099609375,0
2026-05-07 15:15:00,24303.25,24339.05078125,24299.400390625,24336.400390625,0
2026-05-08 09:15:00,24237.19921875,24253.44921875,24138.94921875,24211.30078125,0
2026-05-08 10:15:00,24213.80078125,24243.94921875,24181.25,24233.0,0
2026-05-08 11:15:00,24234.80078125,24241.650390625,24172.19921875,24184.19921875,0
2026-05-08 12:15:00,24185.19921875,24198.44921875,24150.94921875,24167.0,0
2026-05-08 13:15:00,24169.55078125,24202.650390625,24127.69921875,24145.849609375,0
2026-05-08 14:15:00,24147.349609375,24240.25,24141.75,24180.849609375,0
2026-05-08 15:15:00,24180.599609375,24196.900390625,24163.5,24179.80078125,0
2026-05-11 09:15:00,23943.19921875,23975.80078125,23864.349609375,23893.400390625,0
2026-05-11 10:15:00,23894.75,23922.55078125,23845.44921875,23914.599609375,0
2026-05-11 11:15:00,23914.599609375,23956.900390625,23907.25,23935.55078125,0
2026-05-11 12:15:00,23935.19921875,23954.94921875,23902.44921875,23949.80078125,0
2026-05-11 13:15:00,23949.900390625,23997.0,23934.5,23946.30078125,0
2026-05-11 14:15:00,23945.25,23957.849609375,23801.55078125,23805.75,0
2026-05-11 15:15:00,23806.19921875,23820.349609375,23801.25,23820.349609375,0
2026-05-12 09:15:00,23722.599609375,23754.150390625,23614.0,23651.400390625,0
2026-05-12 10:15:00,23652.05078125,23675.19921875,23578.69921875,23589.349609375,0
2026-05-12 11:15:00,23589.599609375,23613.400390625,23551.599609375,23557.80078125,0
2026-05-12 12:15:00,23559.5,23580.05078125,23506.349609375,23536.80078125,0
2026-05-12 13:15:00,23538.05078125,23564.05078125,23448.0,23457.5,0
2026-05-12 14:15:00,23458.75,23492.69921875,23349.099609375,23354.80078125,0
2026-05-12 15:15:00,23356.0,23434.849609375,23355.599609375,23430.55078125,0
2026-05-13 09:15:00,23365.80078125,23503.150390625,23263.05078125,23403.05078125,0
2026-05-13 10:15:00,23403.19921875,23478.599609375,23368.05078125,23403.94921875,0
2026-05-13 11:15:00,23403.80078125,23513.849609375,23392.75,23512.75,0
2026-05-13 12:15:00,23511.94921875,23582.80078125,23423.30078125,23538.5,0
2026-05-13 13:15:00,23538.0,23540.5,23480.25,23516.80078125,0
2026-05-13 14:15:00,23516.5,23522.400390625,23402.849609375,23425.69921875,0
2026-05-13 15:15:00,23425.400390625,23436.94921875,23394.349609375,23428.69921875,0
2026-05-14 09:15:00,23531.44921875,23589.19921875,23447.5,23495.80078125,0
2026-05-14 10:15:00,23496.80078125,23537.5,23426.849609375,23459.150390625,0
2026-05-14 11:15:00,23459.849609375,23702.150390625,23459.0,23667.400390625,0
2026-05-14 12:15:00,23667.94921875,23747.150390625,23667.19921875,23713.55078125,0
2026-05-14 13:15:00,23715.25,23768.599609375,23709.30078125,23744.55078125,0
2026-05-14 14:15:00,23746.44921875,23776.650390625,23670.19921875,23683.80078125,0
2026-05-14 15:15:00,23683.349609375,23719.55078125,23668.150390625,23713.75,0
2026-05-15 09:15:00,23731.400390625,23836.400390625,23663.849609375,23800.099609375,0
2026-05-15 10:15:00,23800.25,23838.94921875,23732.25,23744.099609375,0
2026-05-15 11:15:00,23743.55078125,23769.5,23677.650390625,23751.099609375,0
2026-05-15 12:15:00,23751.150390625,23797.5,23715.55078125,23780.05078125,0
2026-05-15 13:15:00,23780.650390625,23787.80078125,23693.69921875,23722.150390625,0
2026-05-15 14:15:00,23722.349609375,23726.650390625,23610.80078125,23643.650390625,0
2026-05-15 15:15:00,23644.099609375,23660.75,23616.5,23657.900390625,0
2026-05-18 09:15:00,23482.19921875,23485.80078125,23317.55078125,23362.400390625,0
2026-05-18 10:15:00,23362.30078125,23477.75,23353.900390625,23470.099609375,0
2026-05-18 11:15:00,23470.19921875,23562.44921875,23465.849609375,23516.05078125,0
2026-05-18 12:15:00,23529.75,23661.349609375,23518.44921875,23615.900390625,0
2026-05-18 13:15:00,23615.5,23659.400390625,23596.44921875,23624.849609375,0
2026-05-18 14:15:00,23609.75,23695.400390625,23581.94921875,23634.599609375,0
2026-05-18 15:15:00,23634.25,23658.400390625,23619.30078125,23644.44921875,0
2026-05-19 09:15:00,23675.30078125,23768.44921875,23647.900390625,23754.25,0
2026-05-19 10:15:00,23753.44921875,23782.19921875,23718.099609375,23720.099609375,0
2026-05-19 11:15:00,23720.55078125,23772.75,23695.349609375,23743.0,0
2026-05-19 12:15:00,23743.05078125,23755.5,23706.099609375,23709.19921875,0
2026-05-19 13:15:00,23708.349609375,23743.30078125,23674.0,23717.5,0
2026-05-19 14:15:00,23717.349609375,23736.55078125,23609.69921875,23624.55078125,0
2026-05-19 15:15:00,23624.400390625,23629.19921875,23587.25,23606.150390625,0
2026-05-20 09:15:00,23457.25,23548.5,23403.75,23500.19921875,0
2026-05-20 10:15:00,23500.55078125,23582.25,23475.650390625,23562.400390625,0
2026-05-20 11:15:00,23562.19921875,23640.0,23558.30078125,23579.94921875,0
2026-05-20 12:15:00,23579.94921875,23617.05078125,23579.5,23601.0,0
2026-05-20 13:15:00,23601.400390625,23664.30078125,23561.849609375,23651.849609375,0
2026-05-20 14:15:00,23651.94921875,23690.75,23639.599609375,23667.75,0
2026-05-20 15:15:00,23667.900390625,23672.349609375,23651.400390625,23664.349609375,0
2026-05-21 09:15:00,23830.05078125,23859.150390625,23728.19921875,23767.5,0
2026-05-21 10:15:00,23767.44921875,23790.55078125,23695.55078125,23697.55078125,0
2026-05-21 11:15:00,23697.05078125,23746.44921875,23640.05078125,23705.69921875,0
2026-05-21 12:15:00,23705.05078125,23718.900390625,23596.849609375,23640.55078125,0
2026-05-21 13:15:00,23640.69921875,23691.80078125,23622.75,23651.599609375,0
2026-05-21 14:15:00,23652.150390625,23705.400390625,23637.05078125,23639.19921875,0
2026-05-21 15:15:00,23639.099609375,23652.44921875,23631.099609375,23648.80078125,0
2026-05-22 09:15:00,23676.5,23799.849609375,23675.349609375,23791.69921875,0
2026-05-22 10:15:00,23791.650390625,23797.849609375,23759.650390625,23771.599609375,0
2026-05-22 11:15:00,23772.44921875,23828.25,23750.05078125,23798.599609375,0
2026-05-22 12:15:00,23798.400390625,23835.599609375,23758.849609375,23819.099609375,0
2026-05-22 13:15:00,23819.30078125,23822.69921875,23744.80078125,23778.19921875,0
2026-05-22 14:15:00,23778.25,23781.69921875,23698.94921875,23718.150390625,0
2026-05-22 15:15:00,23717.69921875,23751.900390625,23717.69921875,23748.849609375,0
2026-05-25 09:15:00,23928.25,23988.05078125,23924.400390625,23952.05078125,0
2026-05-25 10:15:00,23953.849609375,23995.55078125,23952.599609375,23987.599609375,0
2026-05-25 11:15:00,23989.0,23992.69921875,23959.900390625,23963.900390625,0
2026-05-25 12:15:00,23965.75,23983.599609375,23935.599609375,23977.19921875,0
2026-05-25 13:15:00,23979.099609375,23991.0,23956.69921875,23958.55078125,0
2026-05-25 14:15:00,23959.94921875,24037.80078125,23955.25,24035.25,0
2026-05-25 15:15:00,24035.849609375,24054.400390625,24021.099609375,24049.900390625,0
2026-05-26 09:15:00,23999.44921875,24076.900390625,23966.75,24063.0,0
2026-05-26 10:15:00,24063.05078125,24089.55078125,24045.19921875,24069.30078125,0
2026-05-26 11:15:00,24068.849609375,24071.900390625,24018.5,24022.099609375,0
2026-05-26 12:15:00,24022.30078125,24040.80078125,23966.19921875,23974.349609375,0
2026-05-26 13:15:00,23974.900390625,23999.25,23910.099609375,23924.19921875,0
2026-05-26 14:15:00,23924.25,23940.69921875,23885.44921875,23908.80078125,0
2026-05-26 15:15:00,23907.69921875,23940.05078125,23907.150390625,23933.75,0
2026-05-27 09:15:00,23880.349609375,23949.69921875,23868.80078125,23943.25,0
2026-05-27 10:15:00,23942.80078125,23976.349609375,23918.900390625,23961.94921875,0
2026-05-27 11:15:00,23961.900390625,23983.0,23918.349609375,23921.900390625,0
2026-05-27 12:15:00,23922.55078125,23940.849609375,23895.0,23898.150390625,0
2026-05-27 13:15:00,23897.150390625,23924.099609375,23882.05078125,23896.0,0
2026-05-27 14:15:00,23895.94921875,23922.25,23858.55078125,23902.80078125,0
2026-05-27 15:15:00,23903.80078125,23926.849609375,23902.5,23921.599609375,0
2026-05-29 09:15:00,23903.400390625,23998.69921875,23871.19921875,23945.69921875,0
2026-05-29 10:15:00,23946.099609375,23951.900390625,23877.650390625,23896.849609375,0
2026-05-29 11:15:00,23895.80078125,23914.0,23825.94921875,23835.69921875,0
2026-05-29 12:15:00,23835.94921875,23859.05078125,23769.25,23769.25,0
2026-05-29 13:15:00,23769.650390625,23789.5,23731.5,23744.44921875,0
2026-05-29 14:15:00,23743.80078125,23802.05078125,23506.349609375,23528.69921875,0
2026-05-29 15:15:00,23527.19921875,23618.0,23486.599609375,23609.30078125,0
2026-06-01 09:15:00,23664.19921875,23727.650390625,23537.05078125,23553.150390625,0
2026-06-01 10:15:00,23552.69921875,23615.5,23518.19921875,23606.19921875,0
2026-06-01 11:15:00,23605.400390625,23619.19921875,23486.650390625,23530.0,0
2026-06-01 12:15:00,23529.349609375,23536.94921875,23453.25,23460.650390625,0
2026-06-01 13:15:00,23459.94921875,23500.400390625,23413.25,23416.94921875,0
2026-06-01 14:15:00,23417.05078125,23428.30078125,23358.150390625,23389.25,0
2026-06-01 15:15:00,23389.400390625,23402.80078125,23362.80078125,23379.19921875,0
2026-06-02 09:15:00,23229.150390625,23324.650390625,23229.150390625,23281.44921875,0
2026-06-02 10:15:00,23281.400390625,23375.900390625,23265.650390625,23310.30078125,0
2026-06-02 11:15:00,23309.650390625,23363.94921875,23276.599609375,23279.80078125,0
2026-06-02 12:15:00,23279.30078125,23498.099609375,23270.94921875,23473.75,0
2026-06-02 13:15:00,23474.25,23546.650390625,23456.80078125,23539.5,0
2026-06-02 14:15:00,23539.650390625,23556.599609375,23422.650390625,23490.0,0
2026-06-02 15:15:00,23489.80078125,23525.69921875,23488.55078125,23520.69921875,0
2026-06-03 09:15:00,23415.94921875,23442.400390625,23225.650390625,23240.5,0
2026-06-03 10:15:00,23240.44921875,23283.19921875,23194.80078125,23202.849609375,0
2026-06-03 11:15:00,23203.599609375,23244.849609375,23152.150390625,23180.69921875,0
2026-06-03 12:15:00,23181.25,23347.55078125,23176.55078125,23298.349609375,0
2026-06-03 13:15:00,23302.94921875,23427.05078125,23300.30078125,23388.19921875,0
2026-06-03 14:15:00,23388.30078125,23459.349609375,23373.900390625,23395.849609375,0
2026-06-03 15:15:00,23396.099609375,23411.30078125,23389.0,23396.94921875,0
2026-06-04 09:15:00,23287.69921875,23443.69921875,23249.599609375,23431.349609375,0
2026-06-04 10:15:00,23431.900390625,23449.80078125,23374.80078125,23401.849609375,0
2026-06-04 11:15:00,23402.05078125,23461.94921875,23359.44921875,23439.69921875,0
2026-06-04 12:15:00,23439.25,23450.0,23332.80078125,23334.25,0
2026-06-04 13:15:00,23333.650390625,23433.75,23313.150390625,23413.900390625,0
2026-06-04 14:15:00,23414.30078125,23465.150390625,23385.30078125,23418.05078125,0
2026-06-04 15:15:00,23417.05078125,23446.80078125,23411.69921875,23438.0,0
2026-06-05 09:15:00,23483.349609375,23513.650390625,23424.25,23468.5,0
2026-06-05 10:15:00,23467.69921875,23497.5,23332.05078125,23444.400390625,0
2026-06-05 11:15:00,23443.94921875,23452.19921875,23393.099609375,23439.5,0
2026-06-05 12:15:00,23439.75,23455.25,23333.80078125,23337.5,0
2026-06-05 13:15:00,23337.94921875,23360.80078125,23282.80078125,23320.150390625,0
2026-06-05 14:15:00,23320.900390625,23418.25,23301.0,23365.75,0
2026-06-05 15:15:00,23366.55078125,23386.5,23361.05078125,23368.849609375,0
2026-06-08 09:15:00,23088.849609375,23201.75,23071.5,23174.25,0
2026-06-08 10:15:00,23174.55078125,23223.19921875,23163.25,23198.599609375,0
2026-06-08 11:15:00,23199.75,23223.900390625,23179.0,23212.44921875,0
2026-06-08 12:15:00,23212.44921875,23266.849609375,23208.0,23216.30078125,0
2026-06-08 13:15:00,23216.5,23225.69921875,23150.400390625,23156.849609375,0
2026-06-08 14:15:00,23157.349609375,23196.69921875,23107.05078125,23134.44921875,0
2026-06-08 15:15:00,23134.05078125,23135.80078125,23089.900390625,23103.69921875,0
2026-06-09 09:15:00,23259.05078125,23259.05078125,23160.55078125,23168.099609375,0
2026-06-09 10:15:00,23167.75,23177.349609375,23129.150390625,23144.69921875,0
2026-06-09 11:15:00,23146.0,23204.5,23105.099609375,23186.80078125,0
2026-06-09 12:15:00,23187.650390625,23226.650390625,23177.5,23208.099609375,0
2026-06-09 13:15:00,23208.75,23223.19921875,23175.30078125,23206.44921875,0
2026-06-09 14:15:00,23206.05078125,23279.349609375,23187.30078125,23244.80078125,0
2026-06-09 15:15:00,23244.19921875,23261.05078125,23225.05078125,23254.80078125,0
2026-06-10 09:15:00,23235.30078125,23384.099609375,23220.55078125,23317.0,0
2026-06-10 10:15:00,23317.30078125,23388.849609375,23305.80078125,23373.650390625,0
2026-06-10 11:15:00,23373.650390625,23409.80078125,23359.94921875,23395.400390625,0
2026-06-10 12:15:00,23395.25,23424.80078125,23333.19921875,23405.150390625,0
2026-06-10 13:15:00,23405.650390625,23410.30078125,23315.0,23317.150390625,0
2026-06-10 14:15:00,23317.25,23339.80078125,23198.849609375,23199.69921875,0
2026-06-10 15:15:00,23200.75,23216.80078125,23186.900390625,23216.099609375,0
2026-06-11 09:15:00,23101.349609375,23172.849609375,23072.400390625,23145.5,0
2026-06-11 10:15:00,23147.5,23213.44921875,23144.69921875,23181.650390625,0
2026-06-11 11:15:00,23183.19921875,23292.44921875,23181.55078125,23285.25,0
2026-06-11 12:15:00,23287.55078125,23327.25,23256.30078125,23257.69921875,0
2026-06-11 13:15:00,23259.44921875,23267.75,23201.599609375,23218.75,0
2026-06-11 14:15:00,23219.80078125,23252.05078125,23131.94921875,23165.80078125,0
2026-06-11 15:15:00,23165.30078125,23194.900390625,23156.400390625,23186.55078125,0
2026-06-12 09:15:00,23420.69921875,23455.900390625,23327.650390625,23342.650390625,0
2026-06-12 10:15:00,23345.150390625,23378.349609375,23322.900390625,23378.05078125,0
2026-06-12 11:15:00,23379.099609375,23389.30078125,23343.349609375,23347.400390625,0
2026-06-12 12:15:00,23349.44921875,23369.900390625,23314.0,23336.25,0
2026-06-12 13:15:00,23336.94921875,23530.75,23321.599609375,23527.5,0
2026-06-12 14:15:00,23528.19921875,23645.19921875,23524.599609375,23621.80078125,0
2026-06-12 15:15:00,23620.94921875,23639.349609375,23612.150390625,23631.75,0
2026-06-15 09:15:00,23984.849609375,24004.69921875,23928.5,23945.5,0
2026-06-15 10:15:00,23945.05078125,24009.099609375,23935.599609375,23967.650390625,0
2026-06-15 11:15:00,23967.849609375,23982.94921875,23930.05078125,23931.30078125,0
2026-06-15 12:15:00,23931.80078125,23935.0,23892.44921875,23916.0,0
2026-06-15 13:15:00,23916.099609375,23917.900390625,23865.849609375,23889.900390625,0
2026-06-15 14:15:00,23889.30078125,23942.599609375,23818.05078125,23844.400390625,0
