INDEX_NAME,OPEN_INDEX_VAL,HIGH_INDEX_VAL,CLOSE_INDEX_VAL,LOW_INDEX_VAL,TURN_OVER,TRADED_QTY,TIMESTAMP,index_name
NIFTY BANK,54175.9,55135.5,54633.05,54174.3,9348.13,282551174,30-SEP-2026,NIFTY BANK
NIFTY BANK,54283.6,54405.3,54259.95,53785.7,12120.21,385557457,29-SEP-2026,NIFTY BANK
NIFTY BANK,55347.8,55390.1,54471.65,54437.7,6173.88,258202471,28-SEP-2026,NIFTY BANK
NIFTY BANK,55373.75,55762.6,55580.4,55373.75,6034.84,145853991,25-SEP-2026,NIFTY BANK
NIFTY BANK,55710.6,55918.4,55438.5,55341.2,8547.2,261911225,24-SEP-2026,NIFTY BANK
NIFTY BANK,56209.65,56623.8,56548.9,56209.65,5288.29,203153371,23-SEP-2026,NIFTY BANK
NIFTY BANK,56489.9,56671.1,56215.55,56106.95,5451.58,130688080,22-SEP-2026,NIFTY BANK
NIFTY BANK,56361.9,56668.2,56470.65,56269.55,5463.66,157658999,21-SEP-2026,NIFTY BANK
NIFTY BANK,56172.85,56497.45,56358.7,56073.55,8027.68,237801140,18-SEP-2026,NIFTY BANK
NIFTY BANK,56126.6,56570.45,56055.75,56038.5,5962.72,187803552,17-SEP-2026,NIFTY BANK
NIFTY BANK,56007.65,56368.7,56292.45,55812.2,6965.71,335512005,16-SEP-2026,NIFTY BANK
NIFTY BANK,56884.25,56996.35,55794.75,55794.75,8615.97,253162379,15-SEP-2026,NIFTY BANK
NIFTY BANK,55970.15,56645.85,56606.55,55699.45,6828.65,358541513,11-SEP-2026,NIFTY BANK
NIFTY BANK,56262.75,56575.15,56471.95,56231.85,6217.66,182868550,10-SEP-2026,NIFTY BANK
NIFTY BANK,56498.85,56743.05,56295.55,56295.55,8060.06,186029299,09-SEP-2026,NIFTY BANK
NIFTY BANK,56990.4,57044.0,56777.55,56720.45,5890.92,145767706,08-SEP-2026,NIFTY BANK
NIFTY BANK,57343.3,57426.85,57088.3,57002.95,4759.92,130217147,07-SEP-2026,NIFTY BANK
NIFTY BANK,57492.65,57677.15,57369.65,57324.55,4726.32,133221867,04-SEP-2026,NIFTY BANK
NIFTY BANK,57497.85,57753.6,57380.6,57380.6,6625.7,213305260,03-SEP-2026,NIFTY BANK
NIFTY BANK,57006.45,57221.1,57172.0,56823.2,8074.15,198861189,02-SEP-2026,NIFTY BANK
NIFTY BANK,57560.3,57766.25,57409.6,57150.7,7827.36,198506270,01-SEP-2026,NIFTY BANK
NIFTY FMCG,44386.0,44441.65,43789.85,43442.3,2499.47,41757254,01-OCT-2026,NIFTY FMCG
NIFTY FMCG,44820.9,44976.2,44508.45,44439.05,2483.41,37391526,30-SEP-2026,NIFTY FMCG
NIFTY FMCG,45197.6,45241.75,44790.3,44705.7,3932.9,54366838,29-SEP-2026,NIFTY FMCG
NIFTY FMCG,45796.45,45816.25,45264.35,45222.1,1839.98,28322797,28-SEP-2026,NIFTY FMCG
NIFTY FMCG,45766.2,45941.3,45941.3,45544.5,1220.22,19962197,25-SEP-2026,NIFTY FMCG
NIFTY FMCG,45951.75,46202.95,45759.35,45641.9,1545.51,23981938,24-SEP-2026,NIFTY FMCG
NIFTY FMCG,45719.45,46296.05,46259.35,45665.8,1919.2,33007844,23-SEP-2026,NIFTY FMCG
NIFTY FMCG,46006.05,46060.7,45657.75,45613.4,1947.02,36237661,22-SEP-2026,NIFTY FMCG
NIFTY FMCG,45506.15,46067.15,45900.9,45496.3,2560.16,47442143,21-SEP-2026,NIFTY FMCG
NIFTY FMCG,45652.45,45788.3,45466.8,45465.05,3007.83,44174329,18-SEP-2026,NIFTY FMCG
NIFTY FMCG,45590.2,45883.15,45572.7,45559.25,2198.29,39350891,17-SEP-2026,NIFTY FMCG
NIFTY FMCG,44971.4,45748.7,45559.0,44964.45,3227.33,61952795,16-SEP-2026,NIFTY FMCG
NIFTY FMCG,45241.2,45562.85,44829.95,44829.9,2348.37,39749758,15-SEP-2026,NIFTY FMCG
NIFTY FMCG,44909.3,45276.7,45053.75,44825.6,1805.96,31578620,11-SEP-2026,NIFTY FMCG
NIFTY FMCG,45335.3,45477.75,45185.6,45066.45,1933.93,38364518,10-SEP-2026,NIFTY FMCG
NIFTY FMCG,45635.7,45707.75,45309.25,45197.1,2354.89,41667541,09-SEP-2026,NIFTY FMCG
NIFTY FMCG,45612.45,45963.65,45749.85,45448.15,1605.51,23138198,08-SEP-2026,NIFTY FMCG
NIFTY FMCG,45850.65,45891.0,45592.15,45567.15,1602.89,24775665,07-SEP-2026,NIFTY FMCG
NIFTY FMCG,46035.2,46134.55,45892.75,45803.1,1908.36,26737558,04-SEP-2026,NIFTY FMCG
NIFTY FMCG,46247.7,46287.45,45955.65,45858.4,2530.55,41301671,03-SEP-2026,NIFTY FMCG
NIFTY FMCG,46186.9,46294.1,46240.55,45880.65,2136.48,36956192,02-SEP-2026,NIFTY FMCG
NIFTY FMCG,46470.1,46615.1,46457.15,46166.35,2721.45,51853920,01-SEP-2026,NIFTY FMCG
NIFTY METAL,12713.75,12743.8,12460.7,12275.9,4840.27,138089604,01-OCT-2026,NIFTY METAL
NIFTY METAL,12921.3,12938.55,12760.5,12755.3,3940.66,110990747,30-SEP-2026,NIFTY METAL
NIFTY METAL,12812.25,12954.45,12954.45,12712.65,5492.31,116489475,29-SEP-2026,NIFTY METAL
NIFTY METAL,13051.7,13055.05,12854.4,12812.25,3172.19,86357665,28-SEP-2026,NIFTY METAL
NIFTY METAL,13072.35,13152.3,13087.15,13021.45,2742.14,58978519,25-SEP-2026,NIFTY METAL
NIFTY METAL,13137.65,13258.1,13041.95,13025.15,2966.54,73132720,24-SEP-2026,NIFTY METAL
NIFTY METAL,13032.35,13303.1,13302.35,13030.65,4544.39,133411736,23-SEP-2026,NIFTY METAL
NIFTY METAL,13014.75,13042.1,12990.35,12931.7,2847.42,62578797,22-SEP-2026,NIFTY METAL
NIFTY METAL,13058.0,13098.55,12972.7,12967.75,2859.81,54428723,21-SEP-2026,NIFTY METAL
NIFTY METAL,12908.1,13054.7,13052.6,12908.0,5691.56,113326133,18-SEP-2026,NIFTY METAL
NIFTY METAL,12731.0,12895.75,12858.45,12726.35,2682.68,67975937,17-SEP-2026,NIFTY METAL
NIFTY METAL,12700.75,12803.55,12739.1,12553.1,3447.09,80451117,16-SEP-2026,NIFTY METAL
NIFTY METAL,13039.3,13049.5,12669.15,12669.05,3732.35,85581433,15-SEP-2026,NIFTY METAL
NIFTY METAL,13079.85,13084.1,12999.05,12886.1,4147.98,96375577,11-SEP-2026,NIFTY METAL
NIFTY METAL,13410.45,13422.45,13304.95,13241.7,3950.22,73755575,10-SEP-2026,NIFTY METAL
NIFTY METAL,13191.8,13437.8,13391.4,13168.0,6041.4,131331481,09-SEP-2026,NIFTY METAL
NIFTY METAL,13192.7,13266.85,13155.95,13134.35,4417.98,107376227,08-SEP-2026,NIFTY METAL
NIFTY METAL,13336.7,13353.8,13152.9,13125.55,3342.33,98019595,07-SEP-2026,NIFTY METAL
NIFTY METAL,13198.85,13382.3,13317.45,13144.65,3574.39,98643579,04-SEP-2026,NIFTY METAL
NIFTY METAL,13221.6,13337.4,13176.05,13078.35,3888.39,83435019,03-SEP-2026,NIFTY METAL
NIFTY METAL,13105.3,13160.15,13157.35,13030.0,3624.75,88027592,02-SEP-2026,NIFTY METAL
NIFTY METAL,13239.15,13370.0,13189.85,13127.7,5793.03,133282689,01-SEP-2026,NIFTY METAL
NIFTY REALTY,841.6,846.85,835.0,824.05,1268.44,13595935,01-OCT-2026,NIFTY REALTY
NIFTY REALTY,837.85,851.65,847.35,834.05,1239.85,12807514,30-SEP-2026,NIFTY REALTY
NIFTY REALTY,848.75,850.2,833.85,833.2,1640.53,16422642,29-SEP-2026,NIFTY REALTY
NIFTY REALTY,867.5,867.65,850.9,848.55,688.43,7051253,28-SEP-2026,NIFTY REALTY
NIFTY REALTY,859.45,872.35,869.35,858.05,755.57,7743970,25-SEP-2026,NIFTY REALTY
NIFTY REALTY,862.1,878.2,861.4,860.65,995.89,10558814,24-SEP-2026,NIFTY REALTY
NIFTY REALTY,861.55,876.5,871.0,861.55,838.97,8966092,23-SEP-2026,NIFTY REALTY
NIFTY REALTY,858.9,865.1,861.5,855.35,901.64,9966691,22-SEP-2026,NIFTY REALTY
NIFTY REALTY,845.55,856.65,853.85,844.8,679.02,6600917,21-SEP-2026,NIFTY REALTY
NIFTY REALTY,836.15,851.65,844.2,835.55,1296.8,12450544,18-SEP-2026,NIFTY REALTY
NIFTY REALTY,823.0,840.2,834.25,820.45,822.83,8665601,17-SEP-2026,NIFTY REALTY
NIFTY REALTY,812.65,826.65,822.3,805.55,879.12,9244899,16-SEP-2026,NIFTY REALTY
NIFTY REALTY,850.8,852.65,814.25,814.25,919.49,9663412,15-SEP-2026,NIFTY REALTY
NIFTY REALTY,863.8,863.9,848.5,832.8,1759.52,16256100,11-SEP-2026,NIFTY REALTY
NIFTY REALTY,870.85,877.35,872.05,864.15,805.43,7778598,10-SEP-2026,NIFTY REALTY
NIFTY REALTY,888.9,889.65,872.2,871.6,1767.22,22731709,09-SEP-2026,NIFTY REALTY
NIFTY REALTY,892.35,895.85,892.05,881.75,702.99,6748836,08-SEP-2026,NIFTY REALTY
NIFTY REALTY,910.65,910.7,892.5,892.4,804.48,9253344,07-SEP-2026,NIFTY REALTY
NIFTY REALTY,916.75,923.2,907.9,904.55,991.89,10944254,04-SEP-2026,NIFTY REALTY
NIFTY REALTY,894.55,920.35,916.15,894.55,2997.59,36979879,03-SEP-2026,NIFTY REALTY
NIFTY REALTY,883.75,894.25,893.15,868.2,871.26,8707847,02-SEP-2026,NIFTY REALTY
NIFTY REALTY,897.65,898.9,891.3,883.4,916.97,8851068,01-SEP-2026,NIFTY REALTY
NIFTY ENERGY,36496.4,36706.25,36388.15,35982.5,10633.53,329308124,01-OCT-2026,NIFTY ENERGY
NIFTY ENERGY,36626.3,36989.15,36636.0,36550.2,7556.17,260326220,30-SEP-2026,NIFTY ENERGY
NIFTY ENERGY,36617.4,36745.75,36509.75,36288.75,10514.93,359616677,29-SEP-2026,NIFTY ENERGY
NIFTY ENERGY,37396.3,37421.55,36693.2,36639.0,6171.26,253473565,28-SEP-2026,NIFTY ENERGY
NIFTY ENERGY,37381.75,37449.8,37440.35,37203.35,5708.77,231263853,25-SEP-2026,NIFTY ENERGY
NIFTY ENERGY,37541.8,37603.25,37360.95,37265.75,6288.03,311633080,24-SEP-2026,NIFTY ENERGY
NIFTY ENERGY,37788.0,37829.45,37759.75,37597.35,5361.87,306218388,23-SEP-2026,NIFTY ENERGY
NIFTY ENERGY,37979.0,38104.1,37727.0,37669.55,7043.74,326363976,22-SEP-2026,NIFTY ENERGY
NIFTY ENERGY,37728.8,37910.4,37818.55,37720.45,6209.94,754094360,21-SEP-2026,NIFTY ENERGY
NIFTY ENERGY,37453.1,37833.8,37773.55,37449.8,11857.07,372137054,18-SEP-2026,NIFTY ENERGY
NIFTY ENERGY,37209.1,37428.1,37381.75,37203.75,4861.87,196440233,17-SEP-2026,NIFTY ENERGY
NIFTY ENERGY,37184.95,37323.6,37183.4,36843.35,5776.65,246687940,16-SEP-2026,NIFTY ENERGY
NIFTY ENERGY,38008.65,38041.25,37147.95,37078.85,6733.72,231823106,15-SEP-2026,NIFTY ENERGY
NIFTY ENERGY,38088.55,38088.55,37935.2,37875.4,5849.49,242135078,11-SEP-2026,NIFTY ENERGY
NIFTY ENERGY,38380.2,38527.65,38223.4,38103.85,5918.78,227960928,10-SEP-2026,NIFTY ENERGY
NIFTY ENERGY,38065.5,38513.45,38333.65,38056.7,9404.5,378745154,09-SEP-2026,NIFTY ENERGY
NIFTY ENERGY,37978.5,38129.25,38093.5,37879.45,8027.45,199785617,08-SEP-2026,NIFTY ENERGY
NIFTY ENERGY,38141.85,38206.1,37973.35,37859.35,5797.76,271491688,07-SEP-2026,NIFTY ENERGY
NIFTY ENERGY,38146.65,38189.1,38067.85,38016.15,6042.62,228308417,04-SEP-2026,NIFTY ENERGY
NIFTY ENERGY,38167.0,38312.35,38140.8,38076.1,6869.22,247762758,03-SEP-2026,NIFTY ENERGY
NIFTY ENERGY,37706.2,38034.95,38028.4,37504.7,9424.81,292328889,02-SEP-2026,NIFTY ENERGY
NIFTY ENERGY,37873.7,37880.55,37806.1,37656.75,8569.93,270454729,01-SEP-2026,NIFTY ENERGY
NIFTY MEDIA,1572.2,1573.75,1546.3,1521.05,707.63,29153665,01-OCT-2026,NIFTY MEDIA
NIFTY MEDIA,1544.55,1627.1,1583.2,1543.5,2609.36,57649976,30-SEP-2026,NIFTY MEDIA
NIFTY MEDIA,1540.25,1548.7,1540.95,1507.5,709.12,33560611,29-SEP-2026,NIFTY MEDIA
NIFTY MEDIA,1549.05,1564.9,1539.25,1537.1,448.65,28221611,28-SEP-2026,NIFTY MEDIA
NIFTY MEDIA,1558.35,1561.3,1550.65,1543.7,416.18,21033084,25-SEP-2026,NIFTY MEDIA
NIFTY MEDIA,1549.3,1575.65,1554.25,1547.7,617.36,29262814,24-SEP-2026,NIFTY MEDIA
NIFTY MEDIA,1576.0,1578.65,1566.85,1559.7,594.57,28912981,23-SEP-2026,NIFTY MEDIA
NIFTY MEDIA,1559.65,1578.7,1574.7,1552.65,496.96,22401079,22-SEP-2026,NIFTY MEDIA
NIFTY MEDIA,1556.85,1560.3,1555.95,1548.9,359.2,19483064,21-SEP-2026,NIFTY MEDIA
NIFTY MEDIA,1536.7,1563.0,1553.75,1534.5,718.04,39848815,18-SEP-2026,NIFTY MEDIA
NIFTY MEDIA,1512.75,1537.6,1533.15,1499.75,480.08,27792873,17-SEP-2026,NIFTY MEDIA
NIFTY MEDIA,1505.8,1529.1,1515.05,1486.05,520.07,46652064,16-SEP-2026,NIFTY MEDIA
NIFTY MEDIA,1538.9,1541.75,1503.9,1498.95,291.36,23281120,15-SEP-2026,NIFTY MEDIA
NIFTY MEDIA,1531.25,1551.6,1537.2,1523.9,543.36,32880802,11-SEP-2026,NIFTY MEDIA
NIFTY MEDIA,1533.25,1546.9,1534.8,1525.3,429.08,30627796,10-SEP-2026,NIFTY MEDIA
NIFTY MEDIA,1541.1,1541.3,1526.45,1522.65,334.45,21302958,09-SEP-2026,NIFTY MEDIA
NIFTY MEDIA,1519.75,1550.45,1540.6,1516.55,525.93,27116641,08-SEP-2026,NIFTY MEDIA
NIFTY MEDIA,1545.8,1549.05,1520.65,1514.35,911.24,56430746,07-SEP-2026,NIFTY MEDIA
NIFTY MEDIA,1557.9,1567.8,1565.45,1553.25,324.05,23002856,04-SEP-2026,NIFTY MEDIA
NIFTY MEDIA,1542.85,1564.85,1560.75,1538.0,300.73,21199285,03-SEP-2026,NIFTY MEDIA
NIFTY MEDIA,1554.1,1556.2,1534.1,1530.0,312.94,27210303,02-SEP-2026,NIFTY MEDIA
NIFTY MEDIA,1567.7,1574.05,1561.45,1550.25,609.48,47740697,01-SEP-2026,NIFTY MEDIA
NIFTY PSU BANK,7988.1,8055.3,7937.8,7862.05,1559.74,76218874,01-OCT-2026,NIFTY PSU BANK
NIFTY PSU BANK,8014.9,8119.8,8016.05,8014.75,1985.69,100804506,30-SEP-2026,NIFTY PSU BANK
NIFTY PSU BANK,8018.2,8039.05,7972.8,7928.15,4092.01,161464525,29-SEP-2026,NIFTY PSU BANK
NIFTY PSU BANK,8270.05,8272.55,8026.1,8018.1,1986.95,95545760,28-SEP-2026,NIFTY PSU BANK
NIFTY PSU BANK,8273.7,8319.45,8294.5,8255.8,972.71,51310484,25-SEP-2026,NIFTY PSU BANK
NIFTY PSU BANK,8289.2,8341.0,8271.15,8248.2,1952.21,62087554,24-SEP-2026,NIFTY PSU BANK
NIFTY PSU BANK,8268.4,8375.35,8365.45,8267.4,1292.72,70826479,23-SEP-2026,NIFTY PSU BANK
NIFTY PSU BANK,8331.3,8351.65,8271.3,8240.15,1138.43,48226161,22-SEP-2026,NIFTY PSU BANK
NIFTY PSU BANK,8304.15,8328.45,8312.4,8280.75,856.57,46189253,21-SEP-2026,NIFTY PSU BANK
NIFTY PSU BANK,8292.55,8320.7,8317.55,8258.2,1697.13,133742691,18-SEP-2026,NIFTY PSU BANK
NIFTY PSU BANK,8265.15,8392.1,8262.8,8240.7,1725.02,82075843,17-SEP-2026,NIFTY PSU BANK
NIFTY PSU BANK,8200.55,8300.0,8275.9,8173.5,1863.53,94313841,16-SEP-2026,NIFTY PSU BANK
NIFTY PSU BANK,8347.6,8375.05,8158.5,8158.4,1804.34,77664292,15-SEP-2026,NIFTY PSU BANK
NIFTY PSU BANK,8331.0,8376.25,8349.9,8262.7,1752.71,83784786,11-SEP-2026,NIFTY PSU BANK
NIFTY PSU BANK,8373.45,8487.8,8401.85,8353.75,1752.88,96920718,10-SEP-2026,NIFTY PSU BANK
NIFTY PSU BANK,8370.25,8433.95,8369.2,8344.5,1785.12,80268877,09-SEP-2026,NIFTY PSU BANK
NIFTY PSU BANK,8412.05,8444.25,8412.35,8381.0,1526.12,66284254,08-SEP-2026,NIFTY PSU BANK
NIFTY PSU BANK,8526.95,8553.95,8424.65,8396.5,1933.28,77206052,07-SEP-2026,NIFTY PSU BANK
NIFTY PSU BANK,8574.35,8603.75,8514.85,8514.75,1583.06,78640269,04-SEP-2026,NIFTY PSU BANK
NIFTY PSU BANK,8559.9,8658.55,8552.6,8541.9,2201.98,132521387,03-SEP-2026,NIFTY PSU BANK
NIFTY PSU BANK,8457.2,8558.85,8511.7,8419.3,2584.61,110102103,02-SEP-2026,NIFTY PSU BANK
NIFTY PSU BANK,8562.5,8581.35,8505.75,8463.25,1815.15,77065343,01-SEP-2026,NIFTY PSU BANK
NIFTY HEALTHCARE,16099.0,16152.1,16095.55,15911.8,5092.08,31798745,01-OCT-2026,NIFTY HEALTHCARE INDEX
NIFTY HEALTHCARE,16543.0,16574.45,16137.75,16129.25,7304.85,43191616,30-SEP-2026,NIFTY HEALTHCARE INDEX
NIFTY HEALTHCARE,16603.2,16674.7,16562.65,16533.75,5846.07,36132639,29-SEP-2026,NIFTY HEALTHCARE INDEX
NIFTY HEALTHCARE,16655.45,16696.35,16537.15,16529.95,3585.14,24474968,28-SEP-2026,NIFTY HEALTHCARE INDEX
NIFTY HEALTHCARE,16780.3,16795.55,16678.55,16607.0,3013.06,20537125,25-SEP-2026,NIFTY HEALTHCARE INDEX
NIFTY HEALTHCARE,16782.0,16903.65,16757.2,16755.45,3514.98,22071555,24-SEP-2026,NIFTY HEALTHCARE INDEX
NIFTY HEALTHCARE,16714.5,16874.85,16868.15,16683.2,2816.29,17092294,23-SEP-2026,NIFTY HEALTHCARE INDEX
NIFTY HEALTHCARE,16822.65,16844.25,16720.0,16679.75,2860.12,19211542,22-SEP-2026,NIFTY HEALTHCARE INDEX
NIFTY HEALTHCARE,16597.5,16834.0,16796.9,16588.45,3375.45,25362552,21-SEP-2026,NIFTY HEALTHCARE INDEX
NIFTY HEALTHCARE,16547.55,16690.4,16613.9,16545.05,5051.81,35926512,18-SEP-2026,NIFTY HEALTHCARE INDEX
NIFTY HEALTHCARE,16273.25,16544.45,16529.15,16253.35,2935.38,19013408,17-SEP-2026,NIFTY HEALTHCARE INDEX
NIFTY HEALTHCARE,16315.8,16367.75,16274.65,16116.85,3622.67,19704215,16-SEP-2026,NIFTY HEALTHCARE INDEX
NIFTY HEALTHCARE,16554.45,16572.4,16299.0,16291.55,2882.49,19522463,15-SEP-2026,NIFTY HEALTHCARE INDEX
NIFTY HEALTHCARE,16428.6,16560.15,16492.1,16368.05,3292.18,22990674,11-SEP-2026,NIFTY HEALTHCARE INDEX
NIFTY HEALTHCARE,16622.45,16640.05,16518.65,16465.35,2597.13,19870008,10-SEP-2026,NIFTY HEALTHCARE INDEX
NIFTY HEALTHCARE,16619.85,16720.1,16581.15,16548.2,3232.57,28578008,09-SEP-2026,NIFTY HEALTHCARE INDEX
NIFTY HEALTHCARE,16525.15,16651.55,16624.6,16475.45,3731.05,37938889,08-SEP-2026,NIFTY HEALTHCARE INDEX
NIFTY HEALTHCARE,16403.25,16520.35,16520.3,16385.1,2715.46,21000792,07-SEP-2026,NIFTY HEALTHCARE INDEX
NIFTY HEALTHCARE,16548.95,16573.3,16408.05,16400.7,2140.36,15278284,04-SEP-2026,NIFTY HEALTHCARE INDEX
NIFTY HEALTHCARE,16650.55,16660.35,16552.2,16528.2,2335.93,13625951,03-SEP-2026,NIFTY HEALTHCARE INDEX
NIFTY HEALTHCARE,16580.95,16661.35,16629.1,16547.5,2612.61,16639917,02-SEP-2026,NIFTY HEALTHCARE INDEX
NIFTY HEALTHCARE,16816.85,16816.85,16669.85,16616.9,3684.24,23994278,01-SEP-2026,NIFTY HEALTHCARE INDEX
NIFTY CONSR DURBL,36610.7,36806.1,35927.8,35684.25,2027.59,20536576,01-OCT-2026,NIFTY CONSUMER DURABLES
NIFTY CONSR DURBL,37246.95,37389.2,36627.8,36604.9,2433.72,19435300,30-SEP-2026,NIFTY CONSUMER DURABLES
NIFTY CONSR DURBL,38082.25,38139.85,37129.95,37129.85,2946.41,27585753,29-SEP-2026,NIFTY CONSUMER DURABLES
NIFTY CONSR DURBL,38317.85,38322.45,38162.9,37856.05,2316.77,15120559,28-SEP-2026,NIFTY CONSUMER DURABLES
NIFTY CONSR DURBL,37961.15,38278.6,38278.6,37804.4,3769.0,35855284,25-SEP-2026,NIFTY CONSUMER DURABLES
NIFTY CONSR DURBL,37989.4,38245.6,37916.8,37833.4,1721.41,16340775,24-SEP-2026,NIFTY CONSUMER DURABLES
NIFTY CONSR DURBL,38001.75,38220.85,38200.2,37948.4,2111.55,19750486,23-SEP-2026,NIFTY CONSUMER DURABLES
NIFTY CONSR DURBL,38258.6,38359.05,37962.2,37942.8,1876.57,11707768,22-SEP-2026,NIFTY CONSUMER DURABLES
NIFTY CONSR DURBL,37946.15,38262.05,38207.3,37852.45,1461.68,11129536,21-SEP-2026,NIFTY CONSUMER DURABLES
NIFTY CONSR DURBL,38056.6,38260.7,37848.25,37836.85,2146.43,15314541,18-SEP-2026,NIFTY CONSUMER DURABLES
NIFTY CONSR DURBL,37939.6,38214.4,38011.2,37854.15,1309.99,10344220,17-SEP-2026,NIFTY CONSUMER DURABLES
NIFTY CONSR DURBL,37967.1,38153.7,37985.95,37615.0,1849.79,15473066,16-SEP-2026,NIFTY CONSUMER DURABLES
NIFTY CONSR DURBL,38988.8,39010.5,37961.5,37956.65,1903.02,14980699,15-SEP-2026,NIFTY CONSUMER DURABLES
NIFTY CONSR DURBL,38650.25,38912.7,38900.8,38256.0,1931.71,12986377,11-SEP-2026,NIFTY CONSUMER DURABLES
NIFTY CONSR DURBL,38976.75,39082.35,39017.9,38775.85,1831.67,13979001,10-SEP-2026,NIFTY CONSUMER DURABLES
NIFTY CONSR DURBL,39263.2,39391.75,38995.2,38869.55,1771.56,16349777,09-SEP-2026,NIFTY CONSUMER DURABLES
NIFTY CONSR DURBL,39205.2,39397.65,39224.5,39077.55,1851.53,20211228,08-SEP-2026,NIFTY CONSUMER DURABLES
NIFTY CONSR DURBL,39465.05,39541.3,39318.8,39147.85,1479.18,9620544,07-SEP-2026,NIFTY CONSUMER DURABLES
NIFTY CONSR DURBL,39556.35,39609.65,39483.8,39364.65,2059.48,20598125,04-SEP-2026,NIFTY CONSUMER DURABLES
NIFTY CONSR DURBL,39773.95,39897.9,39652.7,39509.35,1574.12,13718908,03-SEP-2026,NIFTY CONSUMER DURABLES
NIFTY CONSR DURBL,39562.7,39768.55,39741.65,39192.5,2823.0,32367587,02-SEP-2026,NIFTY CONSUMER DURABLES
NIFTY CONSR DURBL,40407.55,40466.8,39864.9,39724.2,1836.48,20331762,01-SEP-2026,NIFTY CONSUMER DURABLES
NIFTY FIN SERVICE,24611.9,24812.9,24556.1,24358.5,15719.0,227262561,01-OCT-2026,NIFTY FINANCIAL SERVICES
NIFTY FIN SERVICE,24560.6,24852.9,24649.5,24544.5,13523.27,169132688,30-SEP-2026,NIFTY FINANCIAL SERVICES
NIFTY FIN SERVICE,24578.55,24648.5,24648.5,24361.1,24606.23,257936282,29-SEP-2026,NIFTY FINANCIAL SERVICES
NIFTY FIN SERVICE,24975.0,24995.5,24671.65,24630.45,9161.49,119858505,28-SEP-2026,NIFTY FINANCIAL SERVICES
NIFTY FIN SERVICE,24948.5,25124.0,25094.85,24925.75,9680.89,109247574,25-SEP-2026,NIFTY FINANCIAL SERVICES
NIFTY FIN SERVICE,25092.05,25172.6,24954.15,24901.1,15581.02,168207504,24-SEP-2026,NIFTY FINANCIAL SERVICES
NIFTY FIN SERVICE,25486.75,25594.35,25564.85,25480.35,7375.49,90993929,23-SEP-2026,NIFTY FINANCIAL SERVICES
NIFTY FIN SERVICE,25553.5,25652.7,25417.95,25391.55,7949.17,95213793,22-SEP-2026,NIFTY FINANCIAL SERVICES
NIFTY FIN SERVICE,25531.2,25619.4,25524.7,25454.65,9090.19,100264934,21-SEP-2026,NIFTY FINANCIAL SERVICES
NIFTY FIN SERVICE,25386.85,25576.6,25510.0,25365.0,10294.36,133528402,18-SEP-2026,NIFTY FINANCIAL SERVICES
NIFTY FIN SERVICE,25224.55,25447.6,25318.35,25199.2,8923.19,108685832,17-SEP-2026,NIFTY FINANCIAL SERVICES
NIFTY FIN SERVICE,25167.65,25305.45,25262.4,25057.25,9350.88,113117596,16-SEP-2026,NIFTY FINANCIAL SERVICES
NIFTY FIN SERVICE,25682.7,25729.45,25076.65,25076.65,12046.78,148186733,15-SEP-2026,NIFTY FINANCIAL SERVICES
NIFTY FIN SERVICE,25247.3,25576.95,25545.4,25124.25,10149.97,133588753,11-SEP-2026,NIFTY FINANCIAL SERVICES
NIFTY FIN SERVICE,25383.9,25520.3,25520.3,25374.75,8149.08,97208606,10-SEP-2026,NIFTY FINANCIAL SERVICES
NIFTY FIN SERVICE,25538.05,25592.4,25376.8,25376.8,11812.77,134019127,09-SEP-2026,NIFTY FINANCIAL SERVICES
NIFTY FIN SERVICE,25885.15,25904.95,25695.55,25690.15,8220.76,96807672,08-SEP-2026,NIFTY FINANCIAL SERVICES
NIFTY FIN SERVICE,26069.9,26080.6,25935.6,25910.5,7178.57,78845572,07-SEP-2026,NIFTY FINANCIAL SERVICES
NIFTY FIN SERVICE,25988.9,26174.0,26051.0,25987.1,10253.44,115831222,04-SEP-2026,NIFTY FINANCIAL SERVICES
NIFTY FIN SERVICE,25967.05,26100.1,25923.05,25922.9,10168.12,110286415,03-SEP-2026,NIFTY FINANCIAL SERVICES
NIFTY FIN SERVICE,25777.2,25842.4,25813.05,25670.85,11992.29,137931961,02-SEP-2026,NIFTY FINANCIAL SERVICES
NIFTY FIN SERVICE,26171.35,26195.9,26003.9,25896.5,10791.1,128068094,01-SEP-2026,NIFTY FINANCIAL SERVICES
NIFTY COMMODITIES,9261.75,9270.2,9130.25,9034.65,10869.59,240629626,01-OCT-2026,NIFTY COMMODITIES
NIFTY COMMODITIES,9343.75,9392.3,9310.0,9289.2,7780.09,188337253,30-SEP-2026,NIFTY COMMODITIES
NIFTY COMMODITIES,9342.8,9368.95,9327.7,9269.4,10540.69,214106913,29-SEP-2026,NIFTY COMMODITIES
NIFTY COMMODITIES,9518.15,9523.2,9366.4,9355.95,5956.05,140551956,28-SEP-2026,NIFTY COMMODITIES
NIFTY COMMODITIES,9516.95,9541.35,9540.75,9477.1,5206.62,113574471,25-SEP-2026,NIFTY COMMODITIES
NIFTY COMMODITIES,9563.95,9601.1,9515.6,9499.95,5969.95,122685567,24-SEP-2026,NIFTY COMMODITIES
NIFTY COMMODITIES,9565.25,9647.0,9646.5,9564.95,5824.11,155782300,23-SEP-2026,NIFTY COMMODITIES
NIFTY COMMODITIES,9572.7,9591.4,9549.35,9520.6,6350.1,143821814,22-SEP-2026,NIFTY COMMODITIES
NIFTY COMMODITIES,9559.85,9597.75,9543.65,9542.85,4556.26,103216821,21-SEP-2026,NIFTY COMMODITIES
NIFTY COMMODITIES,9520.6,9584.0,9566.55,9515.95,9195.84,203721817,18-SEP-2026,NIFTY COMMODITIES
NIFTY COMMODITIES,9446.8,9508.5,9501.55,9445.25,4721.11,114077626,17-SEP-2026,NIFTY COMMODITIES
NIFTY COMMODITIES,9429.85,9480.95,9442.15,9376.55,5729.42,138008768,16-SEP-2026,NIFTY COMMODITIES
NIFTY COMMODITIES,9606.7,9613.5,9407.55,9406.75,6433.39,153155303,15-SEP-2026,NIFTY COMMODITIES
NIFTY COMMODITIES,9623.65,9623.7,9579.8,9561.3,6297.15,160235216,11-SEP-2026,NIFTY COMMODITIES
NIFTY COMMODITIES,9743.25,9752.1,9709.9,9676.25,5736.7,136482000,10-SEP-2026,NIFTY COMMODITIES
NIFTY COMMODITIES,9665.75,9781.8,9738.6,9651.75,8373.66,219889419,09-SEP-2026,NIFTY COMMODITIES
NIFTY COMMODITIES,9700.5,9708.8,9676.2,9643.3,5817.06,135917871,08-SEP-2026,NIFTY COMMODITIES
NIFTY COMMODITIES,9807.7,9820.75,9702.1,9683.6,5830.01,132045463,07-SEP-2026,NIFTY COMMODITIES
NIFTY COMMODITIES,9757.25,9829.8,9803.85,9720.0,6352.92,131867041,04-SEP-2026,NIFTY COMMODITIES
NIFTY COMMODITIES,9781.3,9827.4,9750.6,9716.45,7062.38,149101048,03-SEP-2026,NIFTY COMMODITIES
NIFTY COMMODITIES,9647.0,9756.9,9756.9,9601.8,9403.03,212868646,02-SEP-2026,NIFTY COMMODITIES
NIFTY COMMODITIES,9700.4,9754.25,9704.2,9666.65,8490.52,203294326,01-SEP-2026,NIFTY COMMODITIES
NIFTY PVT BANK,26737.6,27060.3,26697.25,26531.95,9844.09,268811163,01-OCT-2026,NIFTY PRIVATE BANK
NIFTY PVT BANK,26345.8,26925.15,26695.6,26345.15,7959.06,234392580,30-SEP-2026,NIFTY PRIVATE BANK
NIFTY PVT BANK,26368.3,26469.5,26443.15,26136.3,8680.85,297520087,29-SEP-2026,NIFTY PRIVATE BANK
NIFTY PVT BANK,26742.95,26767.4,26476.4,26416.4,4665.07,211866007,28-SEP-2026,NIFTY PRIVATE BANK
NIFTY PVT BANK,26748.85,26949.75,26883.2,26738.6,5365.87,127739277,25-SEP-2026,NIFTY PRIVATE BANK
NIFTY PVT BANK,26946.6,27027.9,26763.95,26712.45,7105.52,243249880,24-SEP-2026,NIFTY PRIVATE BANK
NIFTY PVT BANK,27303.7,27469.15,27363.35,27296.1,5044.86,202785275,23-SEP-2026,NIFTY PRIVATE BANK
NIFTY PVT BANK,27367.75,27491.8,27286.0,27254.95,5131.78,128605481,22-SEP-2026,NIFTY PRIVATE BANK
NIFTY PVT BANK,27323.6,27491.75,27370.1,27295.4,5056.39,148545095,21-SEP-2026,NIFTY PRIVATE BANK
NIFTY PVT BANK,27216.85,27408.75,27290.0,27208.3,7237.13,213940208,18-SEP-2026,NIFTY PRIVATE BANK
NIFTY PVT BANK,27205.95,27379.25,27169.2,27165.95,4665.91,147912225,17-SEP-2026,NIFTY PRIVATE BANK
NIFTY PVT BANK,27189.1,27339.15,27284.25,27055.05,5566.99,288940418,16-SEP-2026,NIFTY PRIVATE BANK
NIFTY PVT BANK,27605.45,27633.95,27069.8,27069.8,7236.39,217364651,15-SEP-2026,NIFTY PRIVATE BANK
NIFTY PVT BANK,27053.2,27473.2,27436.0,26947.7,5951.31,341204168,11-SEP-2026,NIFTY PRIVATE BANK
NIFTY PVT BANK,27199.5,27319.3,27305.9,27193.5,5002.14,133080849,10-SEP-2026,NIFTY PRIVATE BANK
NIFTY PVT BANK,27347.15,27458.5,27214.3,27214.3,6831.86,149684072,09-SEP-2026,NIFTY PRIVATE BANK
NIFTY PVT BANK,27692.95,27722.3,27474.7,27464.65,4930.51,125827852,08-SEP-2026,NIFTY PRIVATE BANK
NIFTY PVT BANK,27788.55,27816.85,27745.75,27697.75,3230.41,88219596,07-SEP-2026,NIFTY PRIVATE BANK
NIFTY PVT BANK,27795.25,27932.5,27824.5,27734.0,3727.11,97652727,04-SEP-2026,NIFTY PRIVATE BANK
NIFTY PVT BANK,27783.5,27962.8,27747.85,27747.85,6035.55,187684232,03-SEP-2026,NIFTY PRIVATE BANK
NIFTY PVT BANK,27555.5,27639.2,27606.8,27501.15,6017.29,141455953,02-SEP-2026,NIFTY PRIVATE BANK
NIFTY PVT BANK,27778.45,27941.35,27762.1,27653.35,6402.58,156391747,01-SEP-2026,NIFTY PRIVATE BANK
