symbol,series,open_price,high_price,low_price,ltp,prev_price,net_price,trade_quantity,turnover,market_type,ca_ex_dt,ca_purpose,perChange,legend
APOLLOHOSP,EQ,7950.0,8027.5,7775.5,8027.5,7666.0,4.72,1449612,114804.7766028,N,14-Aug-2026,Dividend - Rs 10 Per Sh,4.72,NIFTY
ITC,EQ,255.45,268.05,255.1,266.0,255.0,4.31,31030528,81917.4908672,N,27-May-2026,Dividend - Rs 8 Per Share,4.31,NIFTY
EICHERMOT,EQ,6815.0,7078.0,6801.0,7050.0,6767.5,4.17,551231,38647.6322565,N,31-Jul-2026,Dividend - Rs 82 Per Share,4.17,NIFTY
TCS,EQ,2086.0,2204.0,2086.0,2156.0,2076.0,3.85,11692314,253571.21371799998,N,15-Jul-2026,Interim Dividend - Rs 12 Per Share,3.85,NIFTY
HCLTECH,EQ,1176.9,1221.0,1175.0,1216.7,1176.9,3.38,2934650,35470.52762,N,17-Jul-2026,Interim Dividend - Rs 12 Per Share,3.38,NIFTY
ADANIPORTS,EQ,1710.1,1770.0,1699.1,1761.0,1708.0,3.1,9906351,173332.4140821,N,12-Jun-2026,Dividend - Rs 7.50 Per Share,3.1,NIFTY
INFY,EQ,1007.3,1030.9,1007.3,1023.4,997.0,2.65,14094234,144045.8903268,N,10-Jun-2026,Dividend - Rs 25 Per Share,2.65,NIFTY
TMPV,EQ,275.8,280.95,274.6,279.9,273.0,2.53,6477363,18075.7291878,N,19-Jun-2026,Dividend - Rs 3 Per Share,2.53,NIFTY
SHRIRAMFIN,EQ,923.85,944.9,921.1,940.45,917.25,2.53,4965497,46481.0243176,N,03-Jul-2026,Dividend - Rs 6 Per Share,2.53,NIFTY
ULTRACEMCO,EQ,10485.0,10684.0,10479.0,10675.0,10426.0,2.39,157341,16699.3240986,N,30-Jul-2026,Dividend - Rs 240 Per Share,2.39,NIFTY
HDFCLIFE,EQ,548.7,562.35,547.35,556.65,544.5,2.23,2712798,15128.7318864,N,19-Jun-2026,Dividend - Rs 2.10 Per Share,2.23,NIFTY
HDFCBANK,EQ,696.6,710.15,695.3,707.25,692.25,2.17,18397972,129639.4699008,N,19-Jun-2026,Dividend - Rs 13 Per Share,2.17,NIFTY
LT,EQ,3648.0,3709.2,3627.2,3703.3,3625.1,2.16,1339156,49366.5128684,N,22-May-2026,Dividend - Rs 38 Per Share,2.16,NIFTY
SBIN,EQ,942.0,959.9,938.1,959.1,940.0,2.03,6050801,57696.8078554,N,15-May-2026,Dividend - Rs 17.35 Per Share,2.03,NIFTY
POWERGRID,EQ,246.15,251.1,246.15,249.15,244.65,1.84,11518140,28803.412698,N,13-Aug-2026,Dividend - Rs 1.25 Per Share,1.84,NIFTY
JIOFIN,EQ,211.0,215.75,210.75,214.62,211.0,1.72,13554417,28994.253404699997,N,10-Aug-2026,Dividend - Rs 0.60 Per Share,1.72,NIFTY
MARUTI,EQ,11291.0,11455.0,11247.0,11420.0,11228.0,1.71,353177,40236.8198914,N,07-Aug-2026,Dividend - Rs 140 Per Share,1.71,NIFTY
M&M,EQ,2763.9,2820.0,2747.9,2796.2,2751.2,1.64,1241688,34718.341492800006,N,03-Jul-2026,Dividend - Rs 33 Per Share,1.64,NIFTY
BAJAJFINSV,EQ,1713.0,1751.0,1711.5,1734.7,1708.0,1.56,772498,13414.2732704,N,30-Jun-2026,Dividend - Rs 1.50 Per Share,1.56,NIFTY
ADANIENT,EQ,2605.1,2653.0,2582.3,2634.4,2596.0,1.48,1611868,42277.0410248,N,12-Jun-2026,Dividend - Rs 1.30 Per Share,1.48,NIFTY
FEDERALBNK,EQ,321.0,331.0,320.9,330.0,321.0,2.8,5254910,17230.84989,N,14-Aug-2026,Dividend - Rs 1.20 Per Share,2.8,BANKNIFTY
HDFCBANK,EQ,696.6,710.15,695.3,707.25,692.25,2.17,18397972,129639.4699008,N,19-Jun-2026,Dividend - Rs 13 Per Share,2.17,BANKNIFTY
SBIN,EQ,942.0,959.9,938.1,959.1,940.0,2.03,6050801,57696.8078554,N,15-May-2026,Dividend - Rs 17.35 Per Share,2.03,BANKNIFTY
CANBK,EQ,117.99,119.95,117.38,119.59,117.35,1.91,9660573,11509.6066722,N,12-Jun-2026,Dividend - Rs 4.20 Per Share,1.91,BANKNIFTY
PNB,EQ,115.5,117.95,114.9,116.98,115.29,1.47,12666514,14791.955049200002,N,12-Jun-2026,Dividend - Rs 3 Per Share,1.47,BANKNIFTY
KOTAKBANK,EQ,438.0,445.25,437.85,441.0,435.0,1.38,31536992,139737.25785280002,N,17-Jul-2026,Dividend - Rs 0.65 Per Share,1.38,BANKNIFTY
IDFCFIRSTB,EQ,78.34,79.8,78.12,79.52,78.46,1.35,8635723,6849.8554836,N,07-Aug-2026,Dividend - Re 0.25 Per Share,1.35,BANKNIFTY
AXISBANK,EQ,1249.0,1266.0,1240.1,1259.1,1245.0,1.13,5173548,65138.0734488,N,10-Jul-2026,Dividend - Re 1 Per Share,1.13,BANKNIFTY
UNIONBANK,EQ,173.0,174.65,171.0,173.06,171.51,0.9,6981361,12050.5272221,N,03-Jul-2026,Dividend - Rs 5 Per Share,0.9,BANKNIFTY
BANKBARODA,EQ,234.77,238.25,234.55,235.8,234.0,0.77,3744454,8857.1314916,N,05-Jun-2026,Dividend - Rs 8.50 Per Share,0.77,BANKNIFTY
AUBANK,EQ,981.8,991.5,975.2,982.0,975.0,0.72,1196069,11752.693600899998,N,31-Jul-2026,Dividend - Re 1 Per Share,0.72,BANKNIFTY
ICICIBANK,EQ,1355.4,1359.4,1342.3,1355.0,1349.0,0.44,5507667,74481.8331411,N,03-Aug-2026,Dividend - Rs 12 Per Share,0.44,BANKNIFTY
YESBANK,EQ,20.48,20.69,20.42,20.5,20.45,0.24,49563814,10180.4073956,N,03-Jun-2019,Annual General Meeting/ Dividend - Rs 2 Per Share,0.24,BANKNIFTY
VEDL,EQ,254.6,264.5,254.35,264.0,253.1,4.31,11577993,30231.2975223,N,14-Oct-2026,Interim Dividend - Rs 5 Per Share,4.31,NIFTYNEXT50
LTM,EQ,3925.0,4091.8,3925.0,4070.0,3915.0,3.96,368658,14905.764585,N,25-May-2026,Dividend - Rs 53 Per Share,3.96,NIFTYNEXT50
AMBUJACEM,EQ,344.55,351.5,341.3,351.5,341.0,3.08,2615221,9053.6335799,N,12-Jun-2026,Dividend - Rs 2 Per Share,3.08,NIFTYNEXT50
CHOLAFIN,EQ,1547.0,1597.4,1543.5,1587.6,1544.0,2.82,1660199,26245.7539512,N,21-Jul-2026,Dividend - Re 0.70 Per Share,2.82,NIFTYNEXT50
WIPRO,EQ,158.3,164.3,158.3,162.57,158.38,2.65,23916315,38950.110609,N,27-Jul-2026,Interim Dividend - Rs 2 Per Share,2.65,NIFTYNEXT50
MUTHOOTFIN,EQ,2585.0,2659.9,2584.9,2624.7,2559.6,2.54,701715,18425.7026415,N,17-Apr-2026,Interim Dividend - Rs 30 Per Share,2.54,NIFTYNEXT50
HINDZINC,EQ,537.0,547.0,531.1,543.5,531.75,2.21,2024919,10932.7401729,N,30-Apr-2026,Interim Dividend - Rs 11 Per Share,2.21,NIFTYNEXT50
VBL,EQ,430.55,441.0,430.15,441.0,432.0,2.08,2906521,12745.675889200002,N,31-Jul-2026,Interim Dividend - Re 0.50 Per Share,2.08,NIFTYNEXT50
BAJAJHLDNG,EQ,10628.0,10820.0,10596.0,10820.0,10600.0,2.08,11706,1253.9806674,N,21-Sep-2026,Interim Dividend - Rs 65 Per Share,2.08,NIFTYNEXT50
TATAPOWER,EQ,335.55,342.15,333.6,342.15,335.65,1.94,4378116,14871.5844288,N,23-Jun-2026,Dividend - Rs 2.50 Per Share,1.94,NIFTYNEXT50
CANBK,EQ,117.99,119.95,117.38,119.59,117.35,1.91,9660573,11509.6066722,N,12-Jun-2026,Dividend - Rs 4.20 Per Share,1.91,NIFTYNEXT50
CUMMINSIND,EQ,4740.9,4859.0,4671.1,4830.0,4740.9,1.88,429821,20675.8085093,N,17-Jul-2026,Dividend - Rs 46 Per Share,1.88,NIFTYNEXT50
DLF,EQ,638.95,650.4,634.45,648.6,636.95,1.83,1531100,9884.01605,N,27-Jul-2026,Dividend - Rs 8 Per Share,1.83,NIFTYNEXT50
BRITANNIA,EQ,4769.8,4856.0,4760.1,4825.0,4745.6,1.67,106346,5129.2164644,N,31-Jul-2026,Dividend - Rs 90.50 Per Share,1.67,NIFTYNEXT50
ADANIGREEN,EQ,1240.0,1275.0,1238.4,1255.8,1235.7,1.63,2735030,34381.241621,N,14-Jun-2024,Annual General Meeting,1.63,NIFTYNEXT50
IDEA,EQ,12.9,13.11,12.86,13.0,12.8,1.56,253450627,32897.8913846,N,20-Aug-2024,Annual General Meeting,1.56,NIFTYNEXT50
PIDILITIND,EQ,1466.4,1488.9,1466.1,1482.0,1460.1,1.5,312874,4626.6868498,N,23-Jul-2026,Dividend - Rs 11.50 Per Share,1.5,NIFTYNEXT50
PNB,EQ,115.5,117.95,114.9,116.98,115.29,1.47,12666514,14791.955049200002,N,12-Jun-2026,Dividend - Rs 3 Per Share,1.47,NIFTYNEXT50
HYUNDAI,EQ,1929.0,1944.4,1897.2,1940.0,1915.0,1.31,392721,7567.1053163999995,N,05-Aug-2026,Dividend - Rs 21 Per Share,1.31,NIFTYNEXT50
POLYCAB,EQ,8161.0,8295.5,8060.0,8255.0,8151.0,1.28,335752,27575.5467864,N,19-Jun-2026,Dividend - Rs 47 Per Share,1.28,NIFTYNEXT50
TERAI,EQ,118.75,140.01,114.0,140.01,116.68,19.99,25082,34.5981108,N,-,-,19.99,SecGtr20
VTMLTD,EQ,31.99,37.89,30.41,37.89,31.58,19.98,416468,151.4694116,N,10-Jun-2014,Annual General Meeting / Div -  Re. 0.70 Per Share (70%),19.98,SecGtr20
BMWVENTLTD,EQ,50.01,59.66,50.01,59.45,49.72,19.57,1739109,975.4662381,N,10-Feb-2026,Interim Dividend - Rs 1.50 Per Share,19.57,SecGtr20
SUNCLAY,EQ,1124.7,1285.0,1087.0,1235.0,1100.8,12.19,249860,3103.660976,N,02-Apr-2026,Interim Dividend - Rs  4.50 Per Share,12.19,SecGtr20
TRF,EQ,192.73,224.0,190.0,215.0,191.78,12.11,56466,120.1257684,N,13-Aug-2020,Annual General Meeting,12.11,SecGtr20
RSYSTEMS,EQ,245.8,284.6,245.55,271.9,242.85,11.96,33296077,90968.2119717,N,01-Oct-2026,Interim Dividend - Rs 8 Per Share,11.96,SecGtr20
ADSL,EQ,98.82,115.4,98.82,109.6,98.42,11.36,4125965,4575.2825885,N,28-Aug-2026,Dividend - Rs 1.50 Per Share,11.36,SecGtr20
AVTNPL,EQ,85.11,100.23,83.1,95.11,85.45,11.3,10258801,9859.7336411,N,10-Aug-2026,Dividend - Re 0.45 Per Share,11.3,SecGtr20
SURAJLTD,EQ,184.01,205.0,184.01,205.0,184.57,11.07,5819,11.399421,N,23-Jan-2026,Interim Dividend - Rs 1.50 Per Share,11.07,SecGtr20
WORTHPERI,EQ,136.2,164.61,136.0,152.02,137.18,10.82,115180,178.114352,N,09-Sep-2026,Dividend - Re 1 Per Share,10.82,SecGtr20
UEL,EQ,213.0,214.94,205.1,214.94,195.4,10.0,117105,250.45246350000002,N,10-Oct-2025,Bonus 2:1,10.0,SecGtr20
DHRUV,EQ,21.3,23.03,21.3,23.03,20.94,9.98,17086,3.8768134,N,14-Feb-2025,Interim Dividend - Re 0.10 Per Share,9.98,SecGtr20
WEALTH,EQ,833.5,949.85,833.0,919.5,836.7,9.9,5461,48.606176600000005,N,17-Sep-2026,Dividend - Re 1 Per Share,9.9,SecGtr20
JKIPL,EQ,103.48,113.82,99.01,113.5,103.48,9.68,105309,117.0193608,N,-,-,9.68,SecGtr20
INOXGREEN,EQ,117.04,135.0,112.0,125.99,115.08,9.48,73589336,94312.0930176,N,31-Jul-2026,Demerger,9.48,SecGtr20
UDAYJEW,EQ,168.6,197.9,166.94,184.5,168.73,9.35,601862,1117.0558720000001,N,-,-,9.35,SecGtr20
PACIFICI,EQ,135.69,144.95,135.69,144.95,133.01,8.98,158,0.2149432,N,-,-,8.98,SecGtr20
SHANTIGOLD,EQ,356.0,389.9,351.0,381.45,350.65,8.78,10493143,39409.0971651,N,06-Aug-2026,Rights 19:295 @ Premium Rs 205/-,8.78,SecGtr20
ZIMLAB,EQ,141.0,153.94,138.69,152.65,140.53,8.62,554208,827.2662816,N,20-Jun-2024,Annual General Meeting,8.62,SecGtr20
PRADPME,EQ,598.75,645.0,587.8,636.0,587.75,8.21,115635,729.818739,N,31-Jul-2026,Dividend - Rs 2.50 Per Share,8.21,SecGtr20
TARAPUR,EQ,16.4,16.58,16.1,16.58,13.82,19.97,810771,134.1015234,N,23-Sep-2024,Annual General Meeting,19.97,SecLwr20
SVPGLOB,EQ,3.13,3.44,2.9,3.44,3.13,9.9,337131,11.024183700000002,N,20-Sep-2024,Annual General Meeting,9.9,SecLwr20
KRIDHANINF,EQ,1.8,2.0,1.8,2.0,1.82,9.89,86436,1.685502,N,23-Sep-2022,Annual General Meeting,9.89,SecLwr20
ASIANTNE,EQ,8.37,9.05,8.21,9.0,8.21,9.62,36824,3.2184176,N,-,-,9.62,SecLwr20
PRAENG,EQ,18.48,20.05,18.25,19.85,18.17,9.25,127938,24.4105704,N,20-Sep-2024,Annual General Meeting,9.25,SecLwr20
MADHUCON,EQ,3.79,4.16,3.79,4.14,3.79,9.23,45192,1.8212376000000001,N,20-Sep-2024,Annual General Meeting,9.23,SecLwr20
SHIVAMAUTO,EQ,17.76,18.38,16.9,18.28,16.84,8.55,202603,36.2456767,N,09-Dec-2021,Rights 2:9 @ Premium Rs 16/-,8.55,SecLwr20
SEPC,EQ,4.96,5.47,4.86,5.32,4.93,7.91,77230352,4085.4856207999997,N,23-May-2025,Rights 11: 50 @ Premium Rs 0/-,7.91,SecLwr20
SGLRES,EQ,2.27,2.48,2.24,2.43,2.26,7.52,78323,1.8562551,N,-,-,7.52,SecLwr20
HATHWAY,EQ,9.21,9.86,9.21,9.85,9.21,6.95,2568862,245.8400934,N,11-Aug-2016,Annual General Meeting,6.95,SecLwr20
NECCLTD,EQ,18.69,19.9,17.93,19.55,18.31,6.77,213378,40.9045626,N,23-Sep-2024,Annual General Meeting,6.77,SecLwr20
FCSSOFT,EQ,1.38,1.47,1.36,1.46,1.37,6.57,1921900,26.9066,N,11-Sep-2024,Annual General Meeting,6.57,SecLwr20
KESORAMIND,EQ,10.5,11.61,10.5,11.25,10.56,6.53,1288988,144.1088584,N,10-Mar-2025,Demerger,6.53,SecLwr20
PRUDMOULI,EQ,14.0,15.0,13.06,14.8,13.9,6.47,28422,4.0245552,N,20-Sep-2024,Annual General Meeting,6.47,SecLwr20
PCJEWELLER,EQ,14.21,15.0,13.96,14.75,13.9,6.12,895898449,130890.76339889999,N,16-Dec-2024,Face Value Split (Sub-Division) - From Rs 10/- Per Share To Re 1/- Per Share,6.12,SecLwr20
ALLCARGO,EQ,9.99,10.7,9.87,10.56,9.99,5.71,10980147,1147.4253615,N,12-Nov-2025,Demerger,5.71,SecLwr20
FILATFASH,EQ,0.18,0.19,0.18,0.19,0.18,5.56,12270671,22.087207799999998,N,20-Sep-2024,Annual General Meeting,5.56,SecLwr20
ACEINTEG,EQ,16.37,17.49,16.15,17.3,16.45,5.17,3102,0.5264094,N,20-Sep-2024,Annual General Meeting,5.17,SecLwr20
TNTELE,BE,9.58,9.91,9.0,9.91,9.44,4.98,126813,12.0725976,N,20-Sep-2024,Annual General Meeting,4.98,SecLwr20
VIJIFIN,BE,12.2,13.48,12.2,13.48,12.84,4.98,1350960,172.652688,N,23-Sep-2024,Annual General Meeting,4.98,SecLwr20
INOXWIND,EQ,63.32,67.3,62.78,66.65,62.43,6.76,37432425,24600.58971,N,29-Jul-2025,Rights 5:78 @ Premium Rs 110/-,6.76,FOSec
PERSISTENT,EQ,5499.0,5789.0,5499.0,5770.0,5468.0,5.52,773886,43808.989962600004,N,27-Jul-2026,Dividend - Rs 18 Per Share,5.52,FOSec
GMRAIRPORT,EQ,88.89,92.31,88.6,92.31,87.77,5.17,65561091,58768.9619724,N,05-Sep-2024,Annual General Meeting,5.17,FOSec
COLPAL,EQ,1736.2,1868.9,1736.2,1817.8,1735.7,4.73,3596661,66172.8077424,N,01-Jun-2026,Interim Dividend - Rs 24 Per Share,4.73,FOSec
APOLLOHOSP,EQ,7950.0,8027.5,7775.5,8027.5,7666.0,4.72,1449612,114804.7766028,N,14-Aug-2026,Dividend - Rs 10 Per Sh,4.72,FOSec
GLENMARK,EQ,2207.0,2293.0,2203.0,2293.0,2192.2,4.6,414339,9351.548362200001,N,31-Aug-2026,Dividend - Rs 2.50 Per Share,4.6,FOSec
TATAELXSI,EQ,3014.9,3165.0,3010.6,3130.0,2996.0,4.47,627867,19561.3219584,N,10-Jun-2026,Dividend - Rs 75 Per Share,4.47,FOSec
RBLBANK,EQ,400.65,419.35,400.0,418.0,400.7,4.32,3772524,15663.8969004,N,14-Aug-2026,Dividend - Re 1 Per Share,4.32,FOSec
VEDL,EQ,254.6,264.5,254.35,264.0,253.1,4.31,11577993,30231.2975223,N,14-Oct-2026,Interim Dividend - Rs 5 Per Share,4.31,FOSec
ITC,EQ,255.45,268.05,255.1,266.0,255.0,4.31,31030528,81917.4908672,N,27-May-2026,Dividend - Rs 8 Per Share,4.31,FOSec
EICHERMOT,EQ,6815.0,7078.0,6801.0,7050.0,6767.5,4.17,551231,38647.6322565,N,31-Jul-2026,Dividend - Rs 82 Per Share,4.17,FOSec
ICICIGI,EQ,1625.0,1699.4,1620.0,1690.2,1624.0,4.08,1546424,25969.098231999997,N,29-May-2026,Dividend - Rs 7 Per Share,4.08,FOSec
LICI,EQ,380.0,394.7,380.0,394.25,379.25,3.96,5557459,21626.8516985,N,25-Jun-2026,Dividend - Rs 10 Per Share,3.96,FOSec
LTM,EQ,3925.0,4091.8,3925.0,4070.0,3915.0,3.96,368658,14905.764585,N,25-May-2026,Dividend - Rs 53 Per Share,3.96,FOSec
TCS,EQ,2086.0,2204.0,2086.0,2156.0,2076.0,3.85,11692314,253571.21371799998,N,15-Jul-2026,Interim Dividend - Rs 12 Per Share,3.85,FOSec
UNITDSPR,EQ,1319.9,1366.0,1318.3,1366.0,1318.2,3.63,988261,13409.2193785,N,08-Jul-2026,Dividend - Rs 11 Per Share,3.63,FOSec
APLAPOLLO,EQ,2052.2,2120.6,2026.2,2114.1,2040.0,3.63,397189,8293.5843523,N,08-Sep-2026,Dividend - Rs 8.50 Per Share,3.63,FOSec
BLUESTARCO,EQ,1539.9,1589.0,1534.6,1574.0,1519.0,3.62,545619,8557.5975198,N,17-Jul-2026,Dividend - Rs 8.50 Per Share,3.62,FOSec
MANAPPURAM,EQ,305.95,315.25,305.5,314.8,304.15,3.5,4766370,14860.111749000002,N,17-Aug-2026,Interim Dividend - Re 1 Per Share,3.5,FOSec
HCLTECH,EQ,1176.9,1221.0,1175.0,1216.7,1176.9,3.38,2934650,35470.52762,N,17-Jul-2026,Interim Dividend - Rs 12 Per Share,3.38,FOSec
TERAI,EQ,118.75,140.01,114.0,140.01,116.68,19.99,25082,34.5981108,N,-,-,19.99,allSec
VTMLTD,EQ,31.99,37.89,30.41,37.89,31.58,19.98,416468,151.4694116,N,10-Jun-2014,Annual General Meeting / Div -  Re. 0.70 Per Share (70%),19.98,allSec
TARAPUR,EQ,16.4,16.58,16.1,16.58,13.82,19.97,810771,134.1015234,N,23-Sep-2024,Annual General Meeting,19.97,allSec
BMWVENTLTD,EQ,50.01,59.66,50.01,59.45,49.72,19.57,1739109,975.4662381,N,10-Feb-2026,Interim Dividend - Rs 1.50 Per Share,19.57,allSec
SUNCLAY,EQ,1124.7,1285.0,1087.0,1235.0,1100.8,12.19,249860,3103.660976,N,02-Apr-2026,Interim Dividend - Rs  4.50 Per Share,12.19,allSec
TRF,EQ,192.73,224.0,190.0,215.0,191.78,12.11,56466,120.1257684,N,13-Aug-2020,Annual General Meeting,12.11,allSec
RSYSTEMS,EQ,245.8,284.6,245.55,271.9,242.85,11.96,33296077,90968.2119717,N,01-Oct-2026,Interim Dividend - Rs 8 Per Share,11.96,allSec
ADSL,EQ,98.82,115.4,98.82,109.6,98.42,11.36,4125965,4575.2825885,N,28-Aug-2026,Dividend - Rs 1.50 Per Share,11.36,allSec
AVTNPL,EQ,85.11,100.23,83.1,95.11,85.45,11.3,10258801,9859.7336411,N,10-Aug-2026,Dividend - Re 0.45 Per Share,11.3,allSec
SURAJLTD,EQ,184.01,205.0,184.01,205.0,184.57,11.07,5819,11.399421,N,23-Jan-2026,Interim Dividend - Rs 1.50 Per Share,11.07,allSec
WORTHPERI,EQ,136.2,164.61,136.0,152.02,137.18,10.82,115180,178.114352,N,09-Sep-2026,Dividend - Re 1 Per Share,10.82,allSec
UEL,EQ,213.0,214.94,205.1,214.94,195.4,10.0,117105,250.45246350000002,N,10-Oct-2025,Bonus 2:1,10.0,allSec
DHRUV,EQ,21.3,23.03,21.3,23.03,20.94,9.98,17086,3.8768134,N,14-Feb-2025,Interim Dividend - Re 0.10 Per Share,9.98,allSec
SVPGLOB,EQ,3.13,3.44,2.9,3.44,3.13,9.9,337131,11.024183700000002,N,20-Sep-2024,Annual General Meeting,9.9,allSec
WEALTH,EQ,833.5,949.85,833.0,919.5,836.7,9.9,5461,48.606176600000005,N,17-Sep-2026,Dividend - Re 1 Per Share,9.9,allSec
KRIDHANINF,EQ,1.8,2.0,1.8,2.0,1.82,9.89,86436,1.685502,N,23-Sep-2022,Annual General Meeting,9.89,allSec
JKIPL,EQ,103.48,113.82,99.01,113.5,103.48,9.68,105309,117.0193608,N,-,-,9.68,allSec
ASIANTNE,EQ,8.37,9.05,8.21,9.0,8.21,9.62,36824,3.2184176,N,-,-,9.62,allSec
INOXGREEN,EQ,117.04,135.0,112.0,125.99,115.08,9.48,73589336,94312.0930176,N,31-Jul-2026,Demerger,9.48,allSec
UDAYJEW,EQ,168.6,197.9,166.94,184.5,168.73,9.35,601862,1117.0558720000001,N,-,-,9.35,allSec
